,Sufflavibacter maritimus,Ruminococcus gnavus,Bacteroides eggerthii,Veillonella dispar,Prevotella nanceiensis,Prevotella copri,Serratia symbiotica,Blautia obeum,Krokinobacter genikus,Veillonella parvula,Clostridium ljungdahlii,Clostridium intestinale,Haemophilus parainfluenzae,Clostridium difficile,Megamonas hypermegale,Roseburia faecis,Coprococcus catus,Prevotella melaninogenica,Papillibacter cinnamivorans,Akkermansia muciniphila,Eggerthella lenta,Clostridium perfringens,Bacteroides fragilis,Bacteroides plebeius,Blautia producta,Collinsella aerofaciens,Propionibacterium acnes,Oscillospira guilliermondii,Bacteroides caccae,Coprococcus eutactus,Bacteroides uniformis,Coprobacillus cateniformis,Desulfovibrio vulgaris,Bifidobacterium pseudolongum,Bacteroides acidifaciens,Bifidobacterium adolescentis,Ruminococcus flavefaciens,Atopobium vaginae,Parabacteroides distasonis,Dorea formicigenerans,Ruminococcus callidus,Bifidobacterium bifidum,Eubacterium dolichum,Clostridium methylpentosum,Hafnia alvei,Klebsiella oxytoca,Clostridium fimetarium,Lachnospira pectinoschiza,Ruminococcus torques,Prevotella stercorea,Shuttleworthia satelles,Bacteroides ovatus,Bifidobacterium longum,Barnesiella viscericola,Faecalibacterium prausnitzii,Marvinbryantia formatexigens,Collinsella stercoris,Janthinobacterium lividum,Enterobacter pyrinus,Bifidobacterium breve,Eubacterium biforme,Succinispira mobilis,Bacteroides coprosuis,Clostridium saccharogumia,Parabacteroides gordonii,Streptococcus infantis,Lactobacillus mucosae,Ruminococcus bromii,Ruminococcus albus,Clostridium cocleatum,Enterobacter cloacae,Clostridium ruminantium,Butyricicoccus pullicaecorum,Morganella morganii,Streptococcus equi,Bacteroides coprophilus,Clostridium gasigenes,Desulfosporosinus meridiei,Streptococcus luteciae,Staphylococcus succinus,Staphylococcus aureus,Corynebacterium durum,Bacillus ginsengihumi,Actinobacillus parahaemolyticus,Alistipes indistinctus,Lactobacillus zeae,Alkaliphilus transvaalensis,Bacteroides barnesiae,Eubacterium cylindroides,Syntrophococcus sucromutans,Succinatimonas hippei,Bacillus coahuilensis,Alistipes massiliensis,Peptostreptococcus anaerobius,Clostridium colinum,Rothia mucilaginosa,Bifidobacterium animalis,Chlorobium chlorochromatii,Macrococcus caseolyticus,Robinsoniella peoriensis,Sporobacter termitidis,Clostridium metallolevans,gut metagenome,Catenibacterium mitsuokai,Citrullus lanatus,Cronobacter turicensis,Victoria amazonica,Clostridium butyricum,Bacillus flexus,Jeotgalicoccus psychrophilus,Prauserella rugosa,Ruminofilibacter xylanolyticum,Lactobacillus reuteri,Streptococcus minor,Melissococcus plutonius,Lactobacillus brevis,Olivibacter sitiensis,Clostridium celatum,Clostridium acidurici,Streptococcus anginosus,Bacillus asahii,Kocuria palustris,Prevotella nigrescens,Bacteroides nordii,Clostridium hiranonis,Porphyromonas endodontalis,Bulleidia moorei,Rhodococcus equi,Salmonella enterica,Gloeobacter violaceus,Lactobacillus vaginalis,Massilia aerolata,Salinispora tropica,Victivallis vadensis,Lactobacillus coleohominis,Bulleidia p-1630-c5,Clostridium cellulovorans,Desulfovibrio D168,Atopobium rimae,Brackiella oedipodis,Clostridium maritimum,Lactobacillus iners,Clostridium tetani,Streptomyces mirabilis,Erwinia dispersa,Bacillus humi,Serratia marcescens,Litorilinea aerophila,Hespellia stercorisuis,Campylobacter ureolyticus,Thermobaculum terrenum,Cellulosibacter alkalithermophilus,Xenorhabdus bovienii,Aggregatibacter pneumotropica,Oenococcus kitaharae,Aggregatibacter segnis,Bacillus muralis,Haloplasma contractile,Plesiomonas shigelloides,Caldicellulosiruptor saccharolyticus,Enterococcus haemoperoxidus,Enterobacter arachidis,Pseudomonas alcaligenes,Moryella indoligenes,Haemophilus parasuis,Lysinibacillus boronitolerans,Proteiniborus ethanoligenes,Zamia integrifolia,Thiopilula aggregata,Xenorhabdus budapestensis,Escherichia blattae,Cronobacter sakazakii,Enterobacter aerogenes,Pseudoalteromonas porphyrae,Clostridium hungatei,Enterococcus casseliflavus,Enterobacter hormaechei,Samsonia erythrinae,Brenneria salicis,Citrobacter freundii,Buchnera aphidicola,Shigella sonnei,Aquamonas haywardensis,Trabulsiella farmeri,Clostridium sardiniense,Shewanella benthica,Clostridium tyrobutyricum,Enterobacter cowanii,Enterococcus cecorum,Salinivibrio costicola,Baumannia cicadellinicola,Erwinia oleae,Alcanivorax venustensis,Pragia fontium,Raoultella terrigena,Xenorhabdus nematophila,Photorhabdus temperata,Xenorhabdus poinarii,Escherichia coli,Erwinia chrysanthemi,Pantoea agglomerans,Gluconacetobacter liquefaciens,Serratia rubidaea,Pseudoxanthomonas mexicana,Enterobacter ludwigii,Shewanella pacifica,Acinetobacter rhizosphaerae,Enterobacter radicincitans,Xenorhabdus romanii,Desulfovibrio C21_c20,Necropsobacter rosorum,Methanobrevibacter arboriphilus,Kleidoceria schneideri,Desulfovibrio litoralis
0,0.0455580866,3.3561123766,0.516324981,0.1518602885,0.0303720577,27.456340167,0.0151860289,1.351556568,0.0151860289,0.0759301443,0.0151860289,0.0151860289,0.0607441154,0.0455580866,0.2429764617,2.8246013667,0.106302202,0.516324981,0.0151860289,0.5315110099,0.0151860289,0.0303720577,0.1366742597,0.2885345482,1.1237661352,1.2908124525,0.0151860289,0.0303720577,1.9134396355,1.6097190585,8.8990129081,0.0303720577,0.0151860289,0.0303720577,0.1366742597,2.1108580106,0.7744874715,0.0911161731,3.1283219438,0.8352315869,0.0151860289,0.106302202,0.0455580866,1.0630220197,0.0303720577,0.0151860289,0.0151860289,1.1085801063,0.3340926348,0.5315110099,0.3189066059,5.9681093394,0.622627183,0.0151860289,29.7949886105,0.0151860289,0.0455580866,0.0607441154,,,,,,,,,,,,,,,,,,,,,,,,,,,,,,,,,,,,,,,,,,,,,,,,,,,,,,,,,,,,,,,,,,,,,,,,,,,,,,,,,,,,,,,,,,,,,,,,,,,,,,,,,,,,,,,,,,,,,,,,,,,,,,,,,,,,,,,,,,,,,,,,,,,,,,,,,,,,
1,,4.8695652174,,0.0434782609,,5.8695652174,,0.1304347826,,0.3043478261,,,0.3043478261,0.0434782609,,3.1304347826,,0.2173913043,,1.2608695652,0.1739130435,,1.3043478261,0.1739130435,1.4782608696,0.0869565217,,,0.3043478261,0.1739130435,6.0,0.1304347826,,0.1739130435,1.1304347826,4.0434782609,,,3.1304347826,0.5652173913,,0.2608695652,0.3043478261,0.0869565217,0.0434782609,,0.0869565217,0.8695652174,0.0434782609,0.4347826087,0.652173913,2.9565217391,9.2173913043,,44.347826087,,,,0.0434782609,0.1304347826,0.2173913043,0.2173913043,0.3913043478,0.0434782609,3.6956521739,0.0434782609,0.1304347826,0.0434782609,0.1304347826,0.0869565217,0.0434782609,0.0869565217,0.0434782609,0.0869565217,0.0434782609,0.1739130435,,,,,,,,,,,,,,,,,,,,,,,,,,,,,,,,,,,,,,,,,,,,,,,,,,,,,,,,,,,,,,,,,,,,,,,,,,,,,,,,,,,,,,,,,,,,,,,,,,,,,,,,,,,,,,,,,,,,,,,,,,,,,,,,,,,,,,,,,,
2,,1.9184265678,0.0806061583,0.1128486216,0.1612123166,59.5840722231,,0.4513944865,0.0161212317,0.1128486216,,,0.2579397066,0.0806061583,0.048363695,0.2579397066,,2.2086087377,,0.1934547799,0.0161212317,0.0322424633,0.2740609383,0.4352732549,1.3219409963,0.6287280348,0.0161212317,0.0161212317,0.1612123166,1.241334838,4.2721263905,0.0644849266,0.0161212317,,0.1128486216,0.3385458649,0.4191520232,0.0322424633,0.1773335483,0.3707883282,0.09672739,,0.0161212317,,,0.0161212317,0.0322424633,1.0156375947,0.0322424633,0.2579397066,0.4513944865,0.7254554248,0.2418184749,,17.1046267935,0.0644849266,0.0322424633,,,,0.3869095599,,0.0161212317,,0.0161212317,0.0161212317,0.0161212317,0.1773335483,0.0161212317,,,,,,,3.385458649,0.0161212317,0.0161212317,0.0161212317,0.0161212317,0.0161212317,0.0161212317,0.0161212317,0.048363695,0.0322424633,0.0161212317,0.0161212317,0.0161212317,0.0806061583,0.0322424633,0.0806061583,0.0161212317,,,,,,,,,,,,,,,,,,,,,,,,,,,,,,,,,,,,,,,,,,,,,,,,,,,,,,,,,,,,,,,,,,,,,,,,,,,,,,,,,,,,,,,,,,,,,,,,,,,,,,,,,,,,,,,,,,,,,,,,,,
3,,2.1965317919,0.0330305533,0.132122213,0.1486374897,58.1007431874,,0.4293971924,,0.0825763832,,,0.1651527663,0.0165152766,0.0165152766,0.2477291495,,2.1635012386,0.0165152766,0.2146985962,,0.0165152766,0.2477291495,0.2477291495,1.5028901734,1.0074318745,,0.0165152766,0.0825763832,1.2386457473,5.2683732453,0.0660611065,,,0.0825763832,0.3798513625,0.313790256,0.0165152766,0.1816680429,0.3633360859,0.0825763832,,0.0165152766,,,,0.0660611065,0.627580512,0.0330305533,0.2146985962,0.5780346821,0.9248554913,0.2477291495,,17.1924029727,0.0495458299,0.0825763832,,,,0.1651527663,,,,0.0165152766,0.0165152766,0.0165152766,0.2807597027,0.0990916598,,,,,,,3.7654830718,,0.0165152766,0.0165152766,,,,0.0330305533,0.0165152766,0.0165152766,,0.0165152766,0.0165152766,0.0825763832,0.0330305533,0.0825763832,0.0165152766,0.0330305533,0.0165152766,0.0165152766,0.0165152766,0.0165152766,0.0165152766,0.0165152766,0.0165152766,0.0165152766,0.0165152766,,,,,,,,,,,,,,,,,,,,,,,,,,,,,,,,,,,,,,,,,,,,,,,,,,,,,,,,,,,,,,,,,,,,,,,,,,,,,,,,,,,,,,,,,,,,,,,,,,,,,,,,,,,,,,,,
4,0.0084033613,3.9579831933,0.2100840336,0.025210084,0.3949579832,46.3781512605,,0.2521008403,,,,,0.0420168067,0.0504201681,0.2100840336,0.6890756303,0.0336134454,1.8319327731,,0.1092436975,0.0084033613,0.0336134454,0.2016806723,0.025210084,3.3445378151,0.3361344538,,,0.1848739496,0.0420168067,1.5378151261,0.2521008403,,0.0168067227,0.025210084,0.5378151261,0.1344537815,0.025210084,0.2100840336,1.1596638655,0.0420168067,0.0420168067,0.1764705882,0.0168067227,0.0084033613,0.0084033613,0.0084033613,1.0,0.0840336134,8.6386554622,0.4621848739,1.7142857143,0.9075630252,,18.7899159664,,0.0168067227,,,0.0084033613,4.4285714286,,,,0.0084033613,0.0924369748,0.1680672269,0.1008403361,,0.0168067227,,0.0084033613,,,0.0504201681,,0.0084033613,,0.0672268908,,0.0168067227,0.0084033613,,,,,,,0.5546218487,0.0588235294,,0.0084033613,,0.0084033613,,0.0084033613,,,,,,,0.0084033613,0.0420168067,0.0084033613,0.0084033613,0.0084033613,0.0084033613,0.0084033613,0.0084033613,0.0084033613,0.0084033613,0.0084033613,0.0420168067,0.0084033613,0.0084033613,0.0084033613,,,,,,,,,,,,,,,,,,,,,,,,,,,,,,,,,,,,,,,,,,,,,,,,,,,,,,,,,,,,,,,,,,,,,,,,,,,,,,,,,,,,,,,,,,,,,,,,,
5,,3.5399758246,0.2417544466,0.0345363495,0.5180452426,46.5031946123,,0.2417544466,,,,,0.1122431359,0.0086340874,0.1467794854,0.388533932,0.0777067864,1.5541357279,,0.1036090485,0.0172681748,0.0345363495,0.2244862718,0.0518045243,3.0478328441,0.4230702815,,0.0259022621,0.1467794854,0.0345363495,1.5973061647,0.2503885339,,0.0086340874,0.0259022621,0.7943360387,0.1208772233,0.0172681748,0.3626316698,0.984285961,0.0431704369,0.0518045243,0.138145398,,0.0086340874,,0.0259022621,0.9670177862,0.0949749611,9.1780348817,0.4058021067,1.9254014851,0.8375064756,,18.8136763944,,0.0086340874,,,,4.21343464,,0.0086340874,,0.0259022621,0.1036090485,0.2158521844,0.0604386116,,0.0345363495,,0.0086340874,,,0.0777067864,0.0086340874,0.0086340874,,0.1554135728,,0.0086340874,,0.0086340874,0.0172681748,,,,,0.5525815921,0.1208772233,,0.0086340874,,0.0086340874,,0.0345363495,,,,,,,,0.0259022621,,,,0.0259022621,,,0.0086340874,,,0.0086340874,,,0.0086340874,0.0086340874,0.0172681748,0.0172681748,0.0172681748,0.0086340874,0.0086340874,0.0086340874,0.0086340874,0.0086340874,,,,,,,,,,,,,,,,,,,,,,,,,,,,,,,,,,,,,,,,,,,,,,,,,,,,,,,,,,,,,,,,,,,,,,,,,,,,,,,,,,,,,,,,
6,,1.0797342193,,0.0092284976,0.5813953488,63.0860095976,,0.1199704688,,0.0092284976,,0.0184569952,0.0369139904,0.0553709856,0.2583979328,0.369139904,0.0092284976,2.427094869,,,0.0184569952,0.0184569952,0.0092284976,0.0553709856,0.8674787745,0.3414544112,,,0.046142488,0.0369139904,0.23071244,0.0830564784,,0.0092284976,,0.1568844592,0.0645994832,0.0092284976,0.0276854928,0.4245108896,0.0092284976,0.0092284976,0.0369139904,,0.0092284976,,0.0092284976,0.6736803248,0.046142488,12.2093023256,0.0738279808,1.8641565153,0.3875968992,,11.0188261351,0.0092284976,0.0092284976,,,,2.4547803618,,,,,0.046142488,0.1015134736,0.0092284976,,0.0369139904,,,,,,,,,0.0276854928,,,,,,,,,,0.2676264304,0.0276854928,,0.0092284976,,,,0.0092284976,,,,,,,,0.1015134736,,,,0.0184569952,,,0.0184569952,,,,,,,,,,,,,,,,0.0092284976,0.0276854928,0.0092284976,,,,,,,,,,,,,,,,,,,,,,,,,,,,,,,,,,,,,,,,,,,,,,,,,,,,,,,,,,,,,,,,,,,,,,,,,,,,,,,,,,,,,
7,,0.5771248688,0.0131164743,0.3672612802,0.0262329486,57.2271773347,,0.0131164743,,0.2623294858,,,0.3803777545,,,0.09181532,,0.1311647429,,,,,0.1836306401,0.1967471144,0.4328436516,0.1311647429,,,0.3803777545,,11.0440713536,,,,0.4459601259,,,,22.3898216159,0.0262329486,,,,,,,0.0131164743,0.09181532,0.0131164743,,,5.036726128,,,0.09181532,0.0524658972,0.0131164743,,,,,,0.0131164743,,0.0262329486,,,,,,,,,,,,,,,,,,,,,0.0131164743,,0.1442812172,,,,,,,,,,,,,,,,,,,,,,,,,,,,,,0.0393494229,,,,,,,,0.0393494229,,,,0.0131164743,0.0131164743,0.0524658972,0.0131164743,,,,,,,,,,,,,,,,,,,,,,,,,,,,,,,,,,,,,,,,,,,,,,,,,,,,,,,,,,,,,,,,,,,,,,,,,,,,,,,,,
8,0.0432619511,1.708847069,1.708847069,0.1514168289,,4.2613021847,,0.6272982912,0.1297858533,0.0648929267,,,0.1514168289,,,0.7354531689,,0.0648929267,,0.5191434134,,0.0216309756,1.6439541423,0.930131949,0.8003460956,0.2379407311,,0.0432619511,0.3677265845,0.1297858533,25.2217174995,0.1514168289,0.0216309756,,0.8868699978,0.38935756,0.3677265845,,1.1031797534,0.5624053645,,,0.0865239022,,,,0.0432619511,1.7737399957,0.2163097556,0.4975124378,0.1081548778,7.1165909583,0.6056673156,,42.0073545317,0.0432619511,0.0216309756,,,0.0216309756,0.9085009734,,0.0865239022,,,,,0.2812026822,0.1297858533,0.0216309756,,0.0216309756,,,,2.1198356046,,,,,,,0.0432619511,,,0.0648929267,,0.0216309756,0.1297858533,0.0865239022,,,0.0216309756,,,0.0216309756,,,,0.0432619511,,0.0432619511,,,,,,,,,,,,,0.0216309756,,,0.0865239022,,,,,,,,0.0648929267,,,,,,,,0.1297858533,0.0216309756,0.0216309756,0.0216309756,,,,,,,,,,,,,,,,,,,,,,,,,,,,,,,,,,,,,,,,,,,,,,,,,,,,,,,,,,,,,,,,,,,,,,,,,,,,,
9,0.0979431929,2.0176297747,1.8805093046,0.1567091087,0.0195886386,4.2115572968,,0.4897159647,0.0587659158,0.0587659158,,0.0195886386,0.1567091087,0.0195886386,,0.8227228208,,0.0979431929,,0.4505386876,,0.0587659158,1.6846229187,1.0186092067,0.8227228208,0.3134182174,,0.0783545544,0.3917727718,0.3721841332,24.9951028404,0.1958863859,0.0195886386,,0.8031341822,0.333006856,0.6268364349,,1.3124387855,0.5484818805,,0.0195886386,0.1175318315,0.0195886386,,,,1.860920666,0.2546523017,0.430950049,0.1567091087,6.5230166503,0.5093046033,,41.8217433888,0.0195886386,,,,0.0195886386,1.2732615083,0.0195886386,0.0979431929,0.0195886386,0.0195886386,,,0.3721841332,0.0587659158,,,,,,,1.6258570029,,0.0391772772,,,,,0.0195886386,,0.0195886386,,,0.0195886386,0.0587659158,,,0.0587659158,,,0.0195886386,,,0.0195886386,,0.0195886386,,,,,,,,,,,,,,,,,,0.0783545544,,,0.0195886386,,,,,0.0391772772,,,,,,,,0.0783545544,,,,0.0195886386,0.0195886386,0.0195886386,0.0195886386,0.0391772772,0.0195886386,,,,,,,,,,,,,,,,,,,,,,,,,,,,,,,,,,,,,,,,,,,,,,,,,,,,,,,,,,,,,,,,,,,,,,,
10,0.015842839,1.5209125475,0.3643852978,0.0316856781,0.4752851711,46.3244613435,,0.2059569075,0.015842839,0.0316856781,,0.015842839,0.0316856781,,,0.2376425856,,2.0120405577,,0.1108998733,,0.0316856781,0.0316856781,0.1108998733,0.3643852978,1.0773130545,,0.0792141952,1.0773130545,0.5861850444,4.8003802281,0.0316856781,,0.0316856781,0.0475285171,1.1565272497,0.3643852978,,2.0754119138,0.7129277567,0.0633713561,0.3010139417,0.0950570342,0.015842839,,,0.015842839,0.4911280101,0.0475285171,0.0792141952,0.1425855513,1.3149556401,0.2059569075,0.015842839,29.0399239544,0.0316856781,0.0475285171,,,,2.9942965779,,0.015842839,,,0.015842839,,0.0792141952,0.0633713561,,,,,,,0.0792141952,,0.015842839,,,,,0.0316856781,,0.1742712294,,,,0.3168567807,0.0316856781,0.0316856781,,0.1901140684,,,,,,,,,,,,,,,0.015842839,,,,,,,,,,,,,,,,,,0.015842839,,,,,,,,,,,,,,,,,,0.015842839,0.015842839,0.015842839,,,,,,,,,,,,,,,,,,,,,,,,,,,,,,,,,,,,,,,,,,,,,,,,,,,,,,,,,,,,,,,,,,,,
11,0.0151745068,1.2746585736,0.3793626707,0.0303490137,0.531107739,45.8877086495,,0.2883156297,0.0151745068,,,,0.0606980273,0.0455235205,,0.1062215478,,1.9575113809,,0.0606980273,,0.0151745068,,0.0758725341,0.6676783005,1.153262519,,0.0151745068,1.0773899848,0.62215478,4.68892261,0.0303490137,,,0.0151745068,1.2139605463,0.3641881639,0.0151745068,1.9726858877,0.440060698,0.0606980273,0.1972685888,0.0758725341,0.0758725341,0.0151745068,,,0.5159332322,0.0455235205,0.1972685888,0.091047041,1.3201820941,0.3186646434,0.0151745068,29.5902883156,0.0151745068,0.0606980273,,,,3.1107738998,,0.0151745068,,,,,0.0151745068,0.1213960546,,0.0151745068,,,,,0.1213960546,,,,,,,,,0.3338391502,0.0151745068,,,0.3641881639,0.0151745068,,,0.1820940819,,,,,0.0151745068,,,,,,,,,,0.0151745068,,,,,,,,,,,,,0.0151745068,,,,,,,,,,,,,,,,,,,,,,0.0151745068,,,,0.0151745068,,,,,,,,,,,,,,,,,,,,,,,,,,,,,,,,,,,,,,,,,,,,,,,,,,,,,,,,,,,,,,,,,,,
12,0.0125801988,1.5725248459,0.540948547,0.0251603975,0.4780475532,46.3202918606,,0.4277267581,0.0251603975,0.0503207951,,0.0125801988,0.0503207951,0.0377405963,,0.2390237766,,1.8492892188,,0.0880613914,,0.0503207951,0.0629009938,0.1132217889,0.4025663605,1.132217889,,0.0377405963,0.7925525223,0.5283683482,4.1388853944,0.0377405963,,0.0251603975,0.0629009938,1.2706000755,0.4403069568,0.0125801988,2.0254120015,0.6919109322,0.0377405963,0.4906277519,0.1383821864,0.0377405963,,,,0.4025663605,0.0251603975,0.1383821864,0.0503207951,1.2580198767,0.3019247704,0.0125801988,29.5005661089,,0.0503207951,,,0.0251603975,2.7928041263,,0.0125801988,,,0.0125801988,,0.0629009938,0.0629009938,,,,,,0.0125801988,0.0629009938,,,,,,,0.0629009938,,0.1383821864,,,,0.3019247704,0.0125801988,,0.0503207951,0.213863379,,0.0125801988,,,0.0125801988,,,,,,,,0.0125801988,,0.0503207951,,,,,,,,,,,,,,,,,0.0125801988,0.0251603975,,,,,,,,,,,,,,,,,,,,0.0251603975,,0.0125801988,0.0125801988,,,,,,,,,,,,,,,,,,,,,,,,,,,,,,,,,,,,,,,,,,,,,,,,,,,,,,,,,,,,,,,,,
13,0.048816207,1.4766902612,0.4149377593,0.0366121552,0.5003661216,46.3387844764,,0.2074688797,0.0244081035,0.0366121552,,0.0122040517,0.0366121552,0.0244081035,,0.2074688797,,1.9770563827,,0.0732243105,,0.0366121552,0.0122040517,0.1708567244,0.4515499146,1.0983646571,,0.0244081035,0.8420795704,0.4759580181,4.0151330242,0.0854283622,,,0.0610202587,1.391261899,0.3661215524,0.0122040517,1.5499145716,0.524774225,0.0244081035,0.3539175006,0.0610202587,0.0122040517,,,0.0122040517,0.3295093971,0.0610202587,0.1098364657,0.1098364657,1.2814254332,0.3417134489,,30.4491091042,,0.048816207,,,,2.9777886258,,,,,0.0122040517,,0.0122040517,0.048816207,,,,,,,0.0854283622,,0.0122040517,,,,,,,0.3173053454,,,,0.4393458628,0.0244081035,,0.0610202587,0.1342445692,0.0122040517,0.0122040517,,,,,,,,,,,,,0.0244081035,,,,,,,,,,,,,,,,,0.0122040517,,,,,,,,,,,,,,,,,,,,,0.0366121552,,,0.0122040517,0.0244081035,0.0122040517,,,,,,,,,,,,,,,,,,,,,,,,,,,,,,,,,,,,,,,,,,,,,,,,,,,,,,,,,,,,,,,
14,,1.3094718464,0.3637421795,0.1018478103,0.3928415539,43.1252728066,,0.0727484359,,0.1163974975,,0.0290993744,0.0145496872,,,0.2909937436,,1.9787574567,,0.0290993744,,,0.0872981231,0.2473446821,0.2618943693,0.5383384257,,0.0436490615,0.9748290412,10.650371017,4.0593627237,,,0.0290993744,0.0145496872,0.3782918667,0.6838352975,,1.120325913,0.2618943693,0.0145496872,0.1454968718,0.1454968718,0.0581987487,,,,1.2076240361,,0.2182453077,0.4946893642,1.3822202823,0.1891459334,,22.0718754547,0.0145496872,0.0290993744,0.0145496872,,,5.2378873854,,,,,0.0145496872,,,0.1454968718,,,0.0145496872,,,,,,,,,,,,,0.4073912411,,,,0.6692856104,0.0872981231,,,0.1309471846,,,,,,,,,,0.0145496872,,,,,,,,,,,,,,,0.0290993744,,,,,,,,0.0290993744,0.0290993744,,,,,,,,,,,,,,,,,,,,,,0.0145496872,,,0.0145496872,,,,,,,,,,,,,,,,,,,,,,,,,,,,,,,,,,,,,,,,,,,,,,,,,,,,,,,,,,,,,,
15,,1.2405237767,0.4962095107,0.0827015851,0.2205375603,41.461061337,,0.2481047553,,0.0413507926,,,0.0827015851,0.0137835975,,0.2756719504,,1.9710544452,,,,0.0137835975,0.0413507926,0.2756719504,0.4272915231,0.7994486561,,0.027567195,1.1302549966,10.5306685045,3.9696760855,0.0137835975,,,0.0137835975,0.6202618884,0.5926946933,0.0137835975,1.3232253618,0.3859407305,,0.1240523777,0.1654031702,0.027567195,,,0.0413507926,1.061337009,0.0551343901,0.2481047553,0.6202618884,1.5713301172,0.2067539628,0.0137835975,21.7780840799,,0.027567195,,,,5.7064093728,,,,,0.0137835975,,,0.2067539628,,,,,,,,,,,,,,,,0.3583735355,,,,0.9097174363,0.0964851826,,,0.3859407305,,0.0137835975,,,,,0.0137835975,,,,,,,,,,,,,,,,,,0.0137835975,,,,,,,,,,,,,,,,,,,,,,,,,,,,,,,,,,,0.0137835975,0.0137835975,,,,,,,,,,,,,,,,,,,,,,,,,,,,,,,,,,,,,,,,,,,,,,,,,,,,,,,,,,,,
16,,5.7201929704,,0.2756719504,0.2067539628,29.6347346657,,1.6540317023,,0.2067539628,,,0.6891798759,0.2756719504,0.0689179876,0.5513439008,0.0689179876,1.5851137147,,,,0.0689179876,,0.0689179876,4.2729152309,2.894555479,,,,2.6188835286,0.8959338387,0.2067539628,,0.0689179876,,0.5513439008,0.4824259132,,0.2756719504,1.9297036527,0.2756719504,,0.2067539628,,,,0.0689179876,1.7918676775,0.0689179876,,1.3094417643,0.2756719504,0.5513439008,,33.7698139214,0.0689179876,,,,,0.2067539628,,0.0689179876,,,0.1378359752,,0.8270158511,0.1378359752,,,,,,,4.0661612681,,,,,,,,,,,,,,0.1378359752,0.1378359752,,0.0689179876,,0.0689179876,,,,,0.1378359752,,,,,,,,,,,,,,0.0689179876,,,,,,,,,,,,,,,,,,,,,,,,,,,,,,,,,,,,,,,,,0.0689179876,0.0689179876,0.1378359752,,,,,,,,,,,,,,,,,,,,,,,,,,,,,,,,,,,,,,,,,,,,,,,,,,,,,,,,,
17,,4.5057162071,0.0672494956,0.2017484869,0.0672494956,28.3792871553,,0.8069939475,,0.2689979825,,,0.6724949563,0.1344989913,0.0672494956,0.2017484869,,1.2104909213,,0.4707464694,0.2689979825,,0.0672494956,0.2017484869,3.0262273033,2.891728312,,0.0672494956,0.1344989913,2.6899798252,0.8069939475,0.0672494956,,,,0.537995965,0.6052454607,0.0672494956,0.3362474781,1.4122394082,0.0672494956,,,0.0672494956,,0.0672494956,,1.815736382,0.1344989913,,1.6812373907,0.1344989913,0.4034969738,,40.3496973773,0.2017484869,,,,,0.2689979825,,,,,0.0672494956,,0.6724949563,0.3362474781,,,,,,,3.0262273033,,,,,,,,0.0672494956,,,,,,0.0672494956,0.0672494956,,,,,,,,,,,,,,,,,,,,,,,,,,,,,,,,,,,,,,,,,,,,,,,,,,0.1344989913,,,,,,,,,,,,,,,,,0.0672494956,0.0672494956,,,,,,,,,,,,,,,,,,,,,,,,,,,,,,,,,,,,,,,,,,,,,,,,,,,,,,,
18,,1.8668102675,0.3410518758,0.2513013822,,9.0647998564,,0.1795009873,0.0179500987,0.1436007898,,,1.4898581942,0.0538502962,,0.6821037516,,0.0538502962,,0.1077005924,,,0.9334051337,0.0718003949,0.6103033567,2.8899658948,,0.0179500987,0.9693053312,0.0359001975,9.9084544965,,,0.1436007898,0.1615508885,9.0468497577,0.2154011847,0.0897504936,1.7770597738,0.9513552325,,0.5744031592,0.2333512834,0.0538502962,0.0718003949,0.0179500987,,,0.197451086,0.5923532579,0.197451086,2.028361156,4.254173398,,37.6593071262,,0.1077005924,,,,6.2466343565,,,,,0.0179500987,2.4412134267,1.8488601687,0.0179500987,,,0.0179500987,,,,,,,,,0.0179500987,,0.0359001975,,,,,0.0179500987,0.8795548376,,,,,0.0179500987,,,,0.0179500987,,,,,,0.0718003949,,,,,,,0.0179500987,,0.0359001975,,,,,,,0.0179500987,,,,,0.0179500987,0.0179500987,,,,0.0179500987,,,,,0.0359001975,,,,,,,,,,,,,,,,,,,,,,,,0.0179500987,0.0179500987,0.0179500987,0.0179500987,0.0179500987,0.0179500987,0.0179500987,,,,,,,,,,,,,,,,,,,,,,,,,,,,,,,,,,,,,,,,,,,,,,,,,
19,,1.9417475728,0.3640776699,0.2947295423,,8.5818307906,0.0173370319,0.3120665742,0.0346740638,0.173370319,,,1.3349514563,0.1213592233,,0.5721220527,,0.0173370319,,0.0346740638,0.0173370319,,1.0228848821,0.0866851595,0.5547850208,2.427184466,,0.0346740638,0.9188626907,,9.7087378641,,,0.1040221914,0.1560332871,9.3273231623,0.2253814147,0.1213592233,1.7857142857,0.6241331484,,0.4680998613,0.2600554785,,0.0346740638,0.0520110957,,0.0693481276,0.0693481276,0.4334257975,0.1560332871,2.5312066574,4.4902912621,,38.6789181692,,0.0693481276,,,0.0173370319,5.8252427184,,0.0173370319,,0.0173370319,0.0173370319,2.5832177531,2.0977808599,0.0693481276,,,,,,,,,,,,0.0346740638,,0.0346740638,0.0520110957,,,,,0.6067961165,0.0693481276,,,,0.0346740638,,0.0173370319,,,0.0173370319,,,,,0.0693481276,,,,,,,,,0.0346740638,,,0.0173370319,,,,0.0173370319,,,,,,0.0173370319,,,,,,,,,,,,,,,,,,,0.0173370319,,,,,,,,,,,,0.0346740638,,0.0173370319,,,,,,,0.0173370319,0.0173370319,,,,,,,,,,,,,,,,,,,,,,,,,,,,,,,,,,,,,,,,,,,,,,,
20,,4.6078865751,0.0443066017,0.1329198051,,5.6269384138,,0.1329198051,,0.3544528135,,,0.2658396101,,,3.1457687195,,0.2658396101,,1.5950376606,0.1772264067,,1.816570669,0.0886132034,1.9937970758,0.1329198051,0.0443066017,0.1329198051,0.1772264067,0.1329198051,7.1776694728,0.1329198051,,0.0443066017,1.3291980505,3.0128489145,0.3544528135,,3.8546743465,0.7089056269,,0.3101462118,0.4430660168,0.0886132034,0.0886132034,,0.0886132034,0.8861320337,0.1329198051,0.5316792202,0.7532122286,3.2786885246,9.525919362,,40.6291537439,0.0443066017,,,,0.0886132034,0.1772264067,0.1329198051,0.3101462118,,3.8989809482,0.0443066017,,,0.1329198051,0.0886132034,,,,,,0.3987594152,,,0.0443066017,,,,,,,,,,,0.0443066017,,,,,0.0443066017,0.0443066017,,,,,,,,,,,,,,,0.0443066017,,,,,,,,,,,,,,,0.0443066017,,,,0.0443066017,,0.0443066017,,,,,,,,,,,,0.0443066017,,,,,,,,,,,,,,,,,,,,,,,,0.0443066017,,,,,,,,,,,,,,,,,,,,,,,,,,,,,,,,,,,,,,,,,,,,,,
21,,1.216839677,0.2076124567,0.3979238754,0.0115340254,15.7554786621,1.2399077278,0.0057670127,0.0057670127,0.2249134948,,,0.0692041522,0.4440599769,,2.4452133795,,0.0980392157,,,0.2133794694,0.0057670127,0.1211072664,0.2133794694,0.4901960784,0.0057670127,0.0057670127,,0.0807381776,0.1557093426,10.461361015,0.0173010381,,0.0057670127,0.6343713956,0.0519031142,0.1903114187,,5.9976931949,0.0346020761,,,1.9031141869,0.0057670127,4.9480968858,5.6978085352,0.0173010381,0.3517877739,0.0115340254,,0.1038062284,1.5916955017,0.4440599769,,37.4682814302,0.0288350634,,,0.0865051903,,0.0230680507,,,,,,,,,0.0230680507,0.4267589389,,,,,,,,,,,,0.0115340254,0.0057670127,,0.0057670127,,0.0346020761,,0.0115340254,,0.0057670127,,0.0057670127,,,0.0634371396,,,0.0230680507,,,,,,,,,0.0057670127,,0.0057670127,,,,,,,,0.0057670127,,,,,,,0.0115340254,,,0.0057670127,,,,,,,,,,,,,0.0057670127,,,1.032295271,0.0057670127,2.6182237601,,,,,,0.0980392157,,,,,,1.1130334487,,0.0057670127,0.0980392157,,,0.0115340254,,,,0.0057670127,0.0057670127,0.0057670127,0.0230680507,0.0115340254,0.0749711649,0.0057670127,0.0057670127,0.0057670127,0.0346020761,0.0057670127,0.0173010381,0.0057670127,0.0057670127,0.0057670127,0.0346020761,0.0057670127,0.0173010381,0.0057670127,0.0115340254,0.0057670127,0.0057670127,0.5594002307,0.0057670127,,,,,,,,,,,,,,,,,,,,,,
22,,1.2331704992,0.2204217801,0.351483379,0.0059573454,15.4533539855,1.0961515549,,,0.2502085071,,0.0119146908,0.0953175265,0.4885023234,,2.3948528536,,0.0714881449,,0.0119146908,0.1191469081,0.0119146908,0.1012748719,0.1787203622,0.5182890504,0.0119146908,0.0059573454,0.0119146908,0.0476587633,0.160848326,10.1811033004,0.0059573454,,0.0119146908,0.6136065769,0.0536161087,0.2025497438,,6.6781842011,0.0178720362,,,2.0671988562,0.0059573454,5.5820326463,5.3318241392,0.0059573454,0.3693554152,,,0.1429762898,1.4357202431,0.381270106,,37.1976647206,0.029786727,,0.0059573454,0.1012748719,,0.0238293816,,,0.0059573454,,,,,,0.0536161087,0.4050994877,,,,,0.0059573454,,,,,0.0059573454,,0.0119146908,,,,,0.0238293816,,,,0.029786727,,,,,0.0774454903,0.0059573454,,0.0238293816,,,,,,0.0059573454,,,,,,0.0059573454,,0.0059573454,0.0059573454,,,,,,0.0059573454,,,,0.0059573454,0.0178720362,,,0.0059573454,,,,,,0.0059573454,,,,,,,0.0238293816,,,1.1080662457,0.0119146908,2.3471940903,,,,,,0.1012748719,,,,,,1.2867866079,,,0.0714881449,,,0.0059573454,,,,,,0.0178720362,,,0.0893601811,,0.0059573454,0.0059573454,0.029786727,,0.0059573454,,0.0059573454,,0.0595734541,,,,0.0119146908,,0.0059573454,0.6076492315,0.0119146908,0.0059573454,0.0119146908,0.0059573454,0.0119146908,0.0059573454,0.0059573454,0.0059573454,0.0178720362,0.0476587633,0.0059573454,0.0059573454,0.0059573454,0.0059573454,0.0119146908,0.0059573454,0.0059573454,0.0059573454,,,,,
23,,2.6700572155,0.2542911634,,0.1271455817,7.0565797839,,,0.3814367451,,,0.0635727908,0.0635727908,,,,,0.1907183725,,6.993006993,0.0635727908,0.1907183725,0.826446281,0.1907183725,0.1907183725,0.1271455817,,0.1271455817,3.687221869,0.1271455817,47.2981563891,,0.0635727908,,0.4450095359,0.1907183725,1.2714558169,,13.5410044501,,,0.0635727908,,0.6993006993,0.3178639542,0.1907183725,,0.1907183725,0.3814367451,0.9535918627,,2.479338843,0.1271455817,,4.0686586141,0.0635727908,,,,,,,0.0635727908,,2.6700572155,,,,,,0.0635727908,,,,,,,,,,,,,,0.1271455817,,,,0.0635727908,0.0635727908,,,,,,,,,,,,,,,,,,,,,,0.0635727908,,,,,,0.1271455817,,,,,,0.0635727908,,0.1907183725,,,,,,,,0.0635727908,,,,0.0635727908,,,,,,,0.0635727908,,0.0635727908,,,,,,0.1907183725,,,,,,,,,,,,,,,,,,,,,,,,,,,,,,,0.0635727908,,,,,,,,,,0.0635727908,,,,,,,,,,,,,,,,0.0635727908,0.0635727908,0.1271455817,,
24,,3.1707317073,0.1829268293,,,6.9512195122,,0.0609756098,0.6097560976,,,0.0609756098,0.3048780488,,,0.0609756098,,0.1829268293,,6.8902439024,,0.3658536585,0.7926829268,0.0609756098,0.243902439,0.1829268293,,0.1829268293,2.6219512195,0.1219512195,50.1219512195,0.0609756098,,,0.243902439,0.0609756098,0.3048780488,,12.743902439,0.0609756098,,,,0.8536585366,0.3658536585,0.1829268293,,0.1219512195,0.4268292683,1.0365853659,0.1829268293,1.5853658537,,,4.0853658537,,,,,,,,,,3.0487804878,,,,,,,,,,,,,,,,,,,0.0609756098,0.0609756098,,,,,,,,0.1829268293,,0.0609756098,,,,,0.0609756098,,,0.0609756098,,,,,,,,,0.1219512195,,,,,,0.3048780488,,,,,,,,0.0609756098,,,,,,,,0.0609756098,,,,,,,,,,,0.1219512195,,,,,,,,,,,,,,0.0609756098,,,,0.0609756098,,,,,,,,,,,,,,,,,,,,,,,,,,,,0.0609756098,,,,,,,,,,,,,,,,,,,,,,0.0609756098,0.0609756098
