,GW-34,Facklamia,Anaerostipes,Thioalkalivibrio,Fusibacter,CandidatusAzobacteroides,SMB53,Turicibacter,Tannerella,Desulfovibrio,Blvii28,Pseudomonas,Megamonas,Euzebya,Sufflavibacter,Ruminococcus,Succiniclasticum,Bacteroides,Epulopiscium,Corynebacterium,Thermacetogenium,Veillonella,Shuttleworthia,Prevotella,Gemella,Blautia,Bacillus,Serratia,Staphylococcus,Krokinobacter,Moryella,HB2-32-21,Clostridium,Caloramator,Dialister,Rikenella,Haemophilus,cc_115,Methanobrevibacter,Pectinatus,Peptococcus,Mogibacterium,Oribacterium,Coriobacterium,Coprobacillus,Anaerofilum,Roseburia,Odoribacter,Coprococcus,Thiobacillus,CF231,Papillibacter,Methylibium,Akkermansia,Porphyromonas,C39,Acidaminococcus,Eggerthella,Megasphaera,Wohlfahrtiimonas,Adlercreutzia,Lactobacillus,Bifidobacterium,Lachnospira,Oscillospira,Caldicoprobacter,Collinsella,Hylemonella,Propionibacterium,Actinomyces,Lautropia,Dorea,Paludibacter,Streptococcus,vadinHB04,Comamonas,BF311,Sporomusa,Desulfotomaculum,Bilophila,Mannheimia,Sutterella,Atopobium,Parabacteroides,Methylobacillus,Limnohabitans,Holdemania,Parvimonas,Anaerovorax,Dysgonomonas,Paraprevotella,Anaerotruncus,Phascolarctobacterium,Butyricimonas,Slackia,Ethanoligenens,Eubacterium,Butyrivibrio,Anaerovibrio,Hafnia,Klebsiella,PW3,Peptoniphilus,Lachnobacterium,Granulicatella,02d06,5-7N15,Barnesiella,Faecalibacterium,Pelosinus,Marvinbryantia,Pseudobutyrivibrio,Janthinobacterium,Enterobacter,Aggregatibacter,Nesterenkonia,Succinispira,Pseudoramibacter_Eubacterium,Friedmanniella,Kordia,Allobaculum,Anaerococcus,Morganella,Enterococcus,CandidatusPhlomobacter,Psychroflexus,Methanomassiliicoccus,Gallionella,Catenibacterium,Lactococcus,Dehalobacterium,Thiomonas,Butyricicoccus,Gracilibacter,Citrobacter,YRC22,Desulfosporosinus,Sarcina,Alkaliphilus,rc4-4,Solibacillus,Actinobacillus,1-68,Alistipes,Propionispora,Tepidibacter,Ramlibacter,Syntrophococcus,Succinatimonas,Streptomyces,Paenibacillus,Dok59,Peptostreptococcus,Mobiluncus,Rothia,Catonella,Chlorobium,Macrococcus,Sulfurospirillum,Succinivibrio,Robinsoniella,Anaerofustis,Sporobacter,Erwinia,CandidatusHamiltonella,Lysinibacillus,gut,Treponema,Citrullus,Acholeplasma,Cronobacter,Sharpea,Ureibacillus,Victoria,Jeotgalicoccus,Prauserella,Bulleidia,Anaerobaculum,Demequina,Desulfurispora,Ruminofilibacter,Mariprofundus,RFN20,Bombiscardovia,Melissococcus,Microbacterium,Olivibacter,Leptotrichia,Nocardia,Vagococcus,Gardnerella,Anaeroplasma,Synergistes,Brevibacterium,Kurthia,Tepidimicrobium,Trabulsiella,Kocuria,Meiothermus,Trichococcus,Roseiflexus,Syntrophomonas,Sulfuritalea,Rhodococcus,Salmonella,Fusobacterium,Halanaerobacter,Gloeobacter,Campylobacter,Massilia,Leuconostoc,Sphingobacterium,Salinispora,Victivallis,Filifactor,Selenomonas,Dermacoccus,CandidatusPortiera,Sedimentibacter,Rummeliibacillus,WH1-8,Finegoldia,Cloacibacillus,Brackiella,Virgibacillus,Thermosinus,Aerococcus,Christensenella,AF12,CandidatusRhodoluna,Dechloromonas,Moorella,Litorilinea,Hespellia,Yersinia,Thermobaculum,Saccharomonospora,Sanguibacter,Exiguobacterium,Sporotomaculum,Cellulosibacter,Xenorhabdus,Flexibacter,Mycobacterium,Oenococcus,Vibrio,Neisseria,Eikenella,Haloplasma,Anaerobacillus,Plesiomonas,Thiothrix,Leucobacter,Caldicellulosiruptor,Dethiosulfatibacter,Hydrogenophaga,Alloscardovia,Oxalobacter,E6,Nitrosococcus,Mycoplasma,Pontibacter,PSB-M-3,Sporosarcina,vadinCA02,Proteiniborus,Burkholderia,Acidovorax,Azoarcus,Zamia,Oligella,Thiopilula,Wautersiella,Edwardsiella,Escherichia,Opitutus,Acinetobacter,Pseudoalteromonas,Moraxella,Samsonia,Brenneria,Buchnera,Shigella,Gluconacetobacter,Sodalis,Aquamonas,Salinicoccus,Shewanella,Proteus,Salinivibrio,Providencia,Baumannia,Hahella,Alishewanella,Dickeya,Sediminibacterium,Alcanivorax,Pragia,Abiotrophia,Raoultella,Marinobacter,Photorhabdus,Pantoea,Cardiobacterium,Pseudidiomarina,Clostridiisalibacter,Pseudoxanthomonas,Gallibacterium,Caloranaerobacter,Chitinophaga,Garciella,Necropsobacter,Polaribacter,Kleidoceria,Methanobacterium,Glaciecola,Dehalobacter_Syntrophobotulus,Ellin506,vadinCA11,Oxobacter,Synechococcus,Prosthecochloris,Tindallia_Anoxynatronum,Halanaerobium,Azospirillum,Verrucomicrobium,Pigmentiphaga,Uliginosibacterium,Pseudanabaena,Rhodospirillum,Variovorax,Schlegelella,Jonquetella,Alicyclobacillus,Scardovia,Pelotomaculum,Actinobaculum,WAL_1855D,Brachyspira,Rubrivivax,Arthrobacter,Cupriavidus,Herminiimonas,L7A_E11,Acetonema,Dictyoglomus,Alcaligenes,Microvirgula,Sterolibacterium,Pyramidobacter,Varibaculum,Nitritalea,Lawsonia,Proteiniclasticum,Aquincola,Lutispora,Tatlockia,Aminobacterium,Propionivibrio,Collimonas,Natronincola_Anaerovirgula,CandidatusAccumulibacter
0,0.0061128431,0.0030564215,0.4951402897,0.0030564215,0.0030564215,0.0213949508,0.3759398496,0.0183385292,0.0458463231,0.4217861727,0.0213949508,0.0030564215,2.6682560059,0.0030564215,0.0091692646,4.1659025613,0.0305642154,48.9271960389,0.0030564215,0.0061128431,0.0030564215,0.0702976955,0.1497646555,6.2656641604,0.0061128431,3.6004645761,0.0030564215,0.0030564215,0.0061128431,0.0030564215,0.0061128431,0.0030564215,0.5929457791,0.0030564215,0.2017238217,0.0030564215,0.0122256862,0.0305642154,0.0061128431,0.2995293111,0.0061128431,0.0030564215,0.0030564215,0.0030564215,0.073354117,0.1589339202,1.9255455712,0.547099456,2.6529738982,0.0030564215,0.0641848524,0.0030564215,0.0213949508,0.106974754,0.0122256862,0.0122256862,0.0030564215,0.0030564215,0.4920838682,0.0030564215,0.0152821077,0.0030564215,0.7518796992,5.7980316645,2.16089003,0.0030564215,0.3423192127,0.0061128431,0.0030564215,0.0152821077,0.0030564215,0.9597163641,0.0091692646,0.0764105385,0.0519591662,0.0030564215,0.0030564215,0.0213949508,0.0061128431,0.293416468,0.0030564215,2.8363591907,0.0183385292,2.4237422825,0.0030564215,0.0030564215,0.0091692646,0.0061128431,0.0030564215,0.2292316156,0.5654379852,0.0061128431,0.6173971514,1.5037593985,0.0244513723,0.0030564215,0.0091692646,0.073354117,0.0122256862,0.0061128431,0.0091692646,0.0122256862,0.0030564215,0.1222568617,0.0030564215,0.0030564215,0.333149948,0.0030564215,5.9966990647,0.0122256862,0.0030564215,0.0061128431,0.0122256862,,,,,,,,,,,,,,,,,,,,,,,,,,,,,,,,,,,,,,,,,,,,,,,,,,,,,,,,,,,,,,,,,,,,,,,,,,,,,,,,,,,,,,,,,,,,,,,,,,,,,,,,,,,,,,,,,,,,,,,,,,,,,,,,,,,,,,,,,,,,,,,,,,,,,,,,,,,,,,,,,,,,,,,,,,,,,,,,,,,,,,,,,,,,,,,,,,,,,,,,,,,,,,,,,,,,,,,,,,,,,,,,,,,,,,,,,,,,,,,,,,,,,,,,,
1,,0.007416747,0.1483349403,,0.007416747,0.1557516873,0.0964177112,0.0519172291,0.014833494,0.0519172291,,,0.2299191575,,,2.4178595268,0.014833494,18.1191129571,0.007416747,0.0593339761,,0.1112512052,0.2818363866,1.4462656679,,3.3449529037,,,,,0.014833494,,0.6749239783,,1.3275977156,0.0667507231,0.0593339761,,0.1038344582,0.0593339761,0.014833494,0.007416747,,,0.1780019284,0.022250241,3.508121338,0.7639249425,2.0989394052,0.007416747,0.014833494,,0.014833494,0.2150856634,0.2225024104,,,0.0370837351,6.5860713491,,,0.0296669881,6.7937402655,6.9346584588,1.1644292813,,0.0445004821,0.007416747,,0.0370837351,0.007416747,0.9196766298,0.6823407254,0.3856708448,,,,0.007416747,,0.0370837351,,6.6009048431,,24.8386857524,0.022250241,,,0.007416747,,0.1409181933,0.0593339761,0.007416747,0.1631684343,0.1112512052,,,0.0964177112,0.0964177112,0.0296669881,0.007416747,,,,0.1335014463,,,0.0370837351,,7.5650819551,0.007416747,,,,0.014833494,0.022250241,0.014833494,0.0370837351,0.007416747,0.007416747,0.007416747,0.2002521694,0.007416747,0.022250241,0.022250241,0.007416747,0.007416747,0.007416747,0.007416747,0.014833494,0.014833494,0.007416747,0.007416747,0.007416747,0.007416747,0.007416747,,,,,,,,,,,,,,,,,,,,,,,,,,,,,,,,,,,,,,,,,,,,,,,,,,,,,,,,,,,,,,,,,,,,,,,,,,,,,,,,,,,,,,,,,,,,,,,,,,,,,,,,,,,,,,,,,,,,,,,,,,,,,,,,,,,,,,,,,,,,,,,,,,,,,,,,,,,,,,,,,,,,,,,,,,,,,,,,,,,,,,,,,,,,,,,,,,,,,,,,,,,,,,,,,,,,,,,,,,,,,,,,,,,
2,0.0064188972,0.0064188972,0.2054047115,,0.0513511779,,1.2067526799,0.8601322293,0.0064188972,0.0064188972,0.0064188972,,3.1452596444,,,3.4597856088,0.1797291225,19.1283137557,,0.0064188972,,0.1027023557,0.2631747866,28.0890942936,0.0256755889,6.4381539252,0.0320944862,,0.0385133834,0.0064188972,0.0064188972,,0.8023621542,,4.371269016,,0.1155401502,,0.0064188972,0.3787149368,0.0192566917,0.0192566917,0.0192566917,,0.0770267668,0.3145259644,2.6766801464,0.0706078696,4.2300532768,,0.0064188972,,,0.0770267668,0.0064188972,,0.0064188972,0.0064188972,0.4557417036,,0.0192566917,0.0256755889,0.4557417036,6.0851145773,1.6175621028,,0.3209448617,,0.0064188972,0.0320944862,,1.3351306246,,0.9564156878,0.0513511779,,0.0064188972,0.0449322806,,0.0898645613,,1.3864818024,0.0128377945,0.5584440593,,0.0064188972,0.0449322806,0.0128377945,,0.0577700751,0.6290519289,,1.540535336,0.0385133834,0.083445664,,0.192566917,0.1219590474,0.0192566917,,0.0064188972,,,0.0898645613,0.0192566917,,0.0962834585,,6.8104499647,0.0064188972,0.0256755889,0.0064188972,,,0.0128377945,,,,,,,,,0.0128377945,,,,,0.0320944862,0.0192566917,,,,0.0064188972,,0.0064188972,0.0064188972,0.0064188972,0.0128377945,0.0128377945,0.0064188972,0.0192566917,0.0064188972,0.0128377945,0.0064188972,0.0064188972,0.0064188972,0.0128377945,0.0320944862,0.0064188972,0.0064188972,,,,,,,,,,,,,,,,,,,,,,,,,,,,,,,,,,,,,,,,,,,,,,,,,,,,,,,,,,,,,,,,,,,,,,,,,,,,,,,,,,,,,,,,,,,,,,,,,,,,,,,,,,,,,,,,,,,,,,,,,,,,,,,,,,,,,,,,,,,,,,,,,,,,,,,,,,,,,,,,,,,,,,,,,,,,,,,,,,,,,,,,,,,,,,,,,,,,,,,,,,,,,,,,,,,
3,,,0.2696282981,,0.0385183283,0.0064197214,0.9116004365,0.8409835013,0.0128394428,0.0064197214,0.0128394428,,2.7861590807,,,3.8325736663,0.1861719201,20.1707645888,,0.0192591642,,0.1219747063,0.3145663478,27.193939783,0.0128394428,6.6829299608,0.0577774925,,0.0192591642,,0.0064197214,,0.6098735315,,4.3333119343,,0.083456378,,0.0128394428,0.3209860692,0.0128394428,0.0064197214,0.0064197214,,0.0962958208,0.3466649547,2.5101110612,0.0706169352,4.294793606,,0.0064197214,0.0064197214,,0.083456378,,,0.0064197214,,0.4365410541,,0.0385183283,0.0192591642,0.4493804969,6.150093086,1.521473968,0.0128394428,0.5456763176,,,0.0320986069,,1.2454259485,0.0192591642,0.9051807152,0.0513577711,,,0.1027155421,,0.0513577711,0.0064197214,1.2646851127,0.0064197214,0.5906143673,,,0.0128394428,,,0.083456378,0.5199974321,,1.8232008731,0.0192591642,0.1283944277,0.0064197214,0.1155549849,0.1219747063,0.0320986069,,0.0064197214,,0.0128394428,0.1348141491,0.0577774925,,0.0770366566,,6.6829299608,0.0128394428,0.0192591642,,,,0.0064197214,,,,,,,,,0.0577774925,,,,,0.0256788855,0.0192591642,0.0128394428,0.0064197214,,,,0.0320986069,0.0064197214,,0.0064197214,,,0.0128394428,,0.0192591642,,,,0.0128394428,0.0320986069,,0.0064197214,0.0064197214,0.0128394428,0.0064197214,0.0064197214,0.0064197214,0.0064197214,0.0064197214,0.0064197214,0.0128394428,0.0064197214,0.0064197214,0.0064197214,0.0064197214,0.0064197214,0.0128394428,,,,,,,,,,,,,,,,,,,,,,,,,,,,,,,,,,,,,,,,,,,,,,,,,,,,,,,,,,,,,,,,,,,,,,,,,,,,,,,,,,,,,,,,,,,,,,,,,,,,,,,,,,,,,,,,,,,,,,,,,,,,,,,,,,,,,,,,,,,,,,,,,,,,,,,,,,,,,,,,,,,,,,,,,,,,,,,,,,,,,,,,,,,,,,,,,,,,
4,0.0065724614,0.0065724614,0.3713440684,,0.0460072297,0.0065724614,0.5225106802,0.0525796911,0.0098586921,0.0361485376,0.0131449228,,3.9106145251,,0.0032862307,2.70128163,0.0131449228,16.3424252383,0.0065724614,0.0032862307,,0.0131449228,0.3877752218,30.7656917516,0.0197173842,8.8432467959,0.0164311535,,0.0262898455,,0.0164311535,,0.7262569832,,0.4797896812,0.0197173842,0.0197173842,,0.0394347683,0.3319093,,0.0591521525,0.0098586921,0.0032862307,0.3253368386,0.0230036149,3.1777850805,0.1511666119,4.7058823529,,0.0591521525,,0.0098586921,0.042720999,0.0032862307,0.0131449228,,0.0032862307,0.0755833059,,,0.1018731515,0.8084127506,5.6457443313,0.6375287545,0.0065724614,0.1774564574,0.0032862307,,0.0098586921,,2.5468287874,0.0032862307,1.4032205061,,,0.0065724614,,0.0032862307,0.0098586921,,2.2609267171,0.0098586921,0.8774235951,,,0.0098586921,,,0.0953006901,0.2201774565,,0.0032862307,0.0788695366,0.0525796911,0.0032862307,2.0243181071,0.0788695366,0.0065724614,0.0032862307,0.0098586921,,,0.0197173842,0.0394347683,,0.0624383832,,7.3480118304,,,0.0098586921,,,0.0032862307,,,,,,0.0065724614,,,0.0295760762,0.0032862307,,0.0164311535,,0.7032533684,0.0262898455,,,,0.0032862307,0.0065724614,0.0295760762,,0.0032862307,,,,0.0032862307,,,,0.0065724614,,0.0230036149,,,,,0.0032862307,,0.0032862307,,,,,,,,,,,0.0065724614,0.0032862307,0.0032862307,0.0032862307,0.0032862307,0.0032862307,0.0164311535,0.0065724614,0.0032862307,0.0032862307,0.0032862307,0.0361485376,0.0032862307,0.0032862307,0.0032862307,0.0032862307,0.0032862307,0.0065724614,0.0032862307,0.0032862307,0.0065724614,0.0032862307,,,,,,,,,,,,,,,,,,,,,,,,,,,,,,,,,,,,,,,,,,,,,,,,,,,,,,,,,,,,,,,,,,,,,,,,,,,,,,,,,,,,,,,,,,,,,,,,,,,,,,,,,,,,,,,,,,,,,,,,,,,,,,,,,,,,,,,,,,,,,,,,,,,,,,,,,,,,,,,,,,,,,,,,,,,,,,,
5,0.0033415759,,0.4210385618,,0.0167078794,0.0033415759,0.6382409945,0.0167078794,,0.0167078794,0.0133663035,,4.1636035554,,,2.4994987636,0.0167078794,15.7120898216,0.0066831518,0.0066831518,,0.0133663035,0.3174497093,31.2403929693,0.0033415759,8.8017108869,0.0267326071,0.0100247277,0.0066831518,,0.0066831518,,0.8420771236,,0.4210385618,0.0033415759,0.0534652142,0.0100247277,0.0367573348,0.354207044,,0.0267326071,0.0033415759,0.0066831518,0.3074249816,0.0200494553,2.8202900488,0.1704203702,4.8486266123,,0.0400989106,,0.0066831518,0.0400989106,0.0133663035,0.030074183,,0.0100247277,0.0768562454,,,0.1002472766,0.918933369,5.8277083473,0.681681481,0.0033415759,0.2272271603,,,0.0133663035,0.0066831518,2.5897213126,0.0033415759,1.450243935,,,0.0100247277,,0.0033415759,0.0334157589,,2.0851433536,0.0133663035,0.9022254895,,,0.0066831518,0.0100247277,,0.1035888525,0.2305687362,,0.0066831518,0.0534652142,0.030074183,0.0066831518,1.9080398316,0.1403461873,0.0167078794,0.0033415759,0.0100247277,0.0033415759,0.0033415759,0.0133663035,0.0400989106,0.0033415759,0.0400989106,,7.2812938582,,,0.0100247277,,,0.0033415759,,,,,,0.0066831518,,,0.0334157589,,,,,0.7685624541,0.0200494553,0.0033415759,,,,0.0133663035,0.0100247277,,0.0066831518,0.0066831518,,,0.0066831518,,,,0.0167078794,,0.0467820624,,,,,0.0066831518,,0.0133663035,,,,,,,,,0.0066831518,,0.0033415759,,0.0033415759,,,,0.0267326071,,,,0.0033415759,0.030074183,0.0066831518,,,,0.0033415759,0.0033415759,,,0.0033415759,0.0033415759,0.0033415759,0.0033415759,0.0033415759,0.0066831518,0.0033415759,0.0033415759,0.0033415759,0.0033415759,0.0033415759,0.0033415759,0.0033415759,0.0033415759,0.0033415759,0.0033415759,,,,,,,,,,,,,,,,,,,,,,,,,,,,,,,,,,,,,,,,,,,,,,,,,,,,,,,,,,,,,,,,,,,,,,,,,,,,,,,,,,,,,,,,,,,,,,,,,,,,,,,,,,,,,,,,,,,,,,,,,,,,,,,,,,,,,,,,,,,,,,,,,,,,,,,,,,,,,,,,,
6,,0.0040515355,0.2349890609,,0.0364638198,0.0081030711,0.5064419415,0.0121546066,,,0.0040515355,,6.3284985009,,,1.4707073981,0.0081030711,15.7402155417,,0.0040515355,0.0040515355,0.0202576777,0.0445668909,48.2618912568,,3.5329389839,0.0040515355,,0.0040515355,,,,0.9359047079,,0.3160197715,,0.0243092132,0.0040515355,0.0162061421,0.6725548983,,0.0081030711,,0.0040515355,0.1418037436,0.0121546066,0.6644518272,0.0040515355,1.5719957864,,0.0324122843,,0.0040515355,,0.0202576777,0.0202576777,,0.0081030711,0.1661129568,,,0.0648245685,0.3727412689,5.1454501256,0.6279880075,0.0040515355,0.1863706345,,,0.0324122843,,1.0047808119,0.0081030711,0.6847095049,,,0.0040515355,0.0040515355,,,,1.9447370553,0.0040515355,0.9278016368,,,0.0040515355,0.0040515355,,0.1377522081,0.2633498096,,0.0040515355,0.0405153553,0.0405153553,,1.2235637307,0.0445668909,0.0243092132,0.0040515355,,,,0.0040515355,0.0162061421,,0.0405153553,,4.8375334252,0.0081030711,0.0040515355,,,,,,,,,,0.0081030711,,,0.0324122843,,,,,1.203306053,0.0162061421,,,,,0.0081030711,0.0486184264,,,,0.0040515355,,,,,,,,0.0121546066,,,,,,,0.0040515355,,,,,,,0.0040515355,,0.0040515355,,0.0081030711,,,,,,0.0202576777,,,,0.0081030711,0.0121546066,,,,,,,,,0.0040515355,,,,,,,,,,,,,,,,0.0040515355,0.0040515355,0.0040515355,0.0040515355,0.0081030711,0.0040515355,,,,,,,,,,,,,,,,,,,,,,,,,,,,,,,,,,,,,,,,,,,,,,,,,,,,,,,,,,,,,,,,,,,,,,,,,,,,,,,,,,,,,,,,,,,,,,,,,,,,,,,,,,,,,,,,,,,,,,,,,,,,,,,,,,,,,,,,,,,,,,,,,,,,,,,,,,,
7,0.0035070492,,0.0105211475,,0.0315634425,0.0070140983,0.333169671,0.0035070492,0.0771550817,0.0035070492,0.1999018026,,,,,0.3156344252,,59.6373711159,,,,1.0030160623,0.0035070492,15.8062706039,,1.038086554,0.0035070492,,0.0070140983,,,,0.0490986884,,0.6102265554,,0.1227467209,,,,,,0.0105211475,,0.0035070492,,0.3086203269,,0.4629304903,,0.0175352458,,0.021042295,,0.0526057375,,,,0.0070140983,,,0.0105211475,,1.2309742583,0.0561127867,,0.0526057375,0.0035070492,,,0.0315634425,0.2945921302,0.0105211475,0.0245493442,0.0035070492,,,,,,0.0035070492,7.000070141,,9.3077084941,0.0035070492,0.0140281967,,,,1.2379883566,0.2875780318,,,0.0105211475,,,,0.0385775409,,,,,,,0.0070140983,,0.1052114751,,0.0245493442,,0.0140281967,,,,0.0035070492,,,,,,,,,,,,,,,0.0035070492,,,,,,,,,,,,0.0035070492,,,,,0.0175352458,,,0.0035070492,,0.0035070492,,,,,,,,,,,,,,,,,,0.0035070492,,,,,,,,,,,,,,,,,,,,,,,,,,,,,,0.0035070492,,,,,,,,0.0035070492,0.0070140983,0.0140281967,0.0035070492,0.0035070492,0.0035070492,,,,,,,,,,,,,,,,,,,,,,,,,,,,,,,,,,,,,,,,,,,,,,,,,,,,,,,,,,,,,,,,,,,,,,,,,,,,,,,,,,,,,,,,,,,,,,,,,,,,,,,,,,,,,,,,,,,,,,,,,,,,,,,,,,,,,,,,,,,,,,,,,,,,,
8,,,0.9156596487,,,0.031144886,0.6851874922,0.1121215896,0.0560607948,0.0062289772,0.0124579544,,,0.0062289772,0.0124579544,3.9429425688,0.0249159088,49.2712096674,0.0062289772,,,0.0747477264,0.0872056808,2.2175158839,,2.8279556497,0.0186869316,,0.0062289772,0.0373738632,0.0186869316,,0.647813629,,1.1025289647,,0.0498318176,0.0560607948,,,,,0.0186869316,,0.2429301109,0.2553880653,1.1212158963,0.492089199,2.684689174,,0.0373738632,,0.0186869316,0.1494954528,0.0373738632,,0.0062289772,,0.0062289772,,0.031144886,0.0498318176,0.3737386321,7.7924504796,1.7752585026,,0.093434658,0.0062289772,,0.0186869316,0.0062289772,1.0153232839,0.0186869316,0.5668369254,0.0373738632,,,0.0498318176,,0.4422573813,0.0062289772,2.466674972,0.0124579544,2.9525351937,,,0.0062289772,,,0.3114488601,0.2429301109,0.0062289772,1.0340102155,0.0685187492,,0.0186869316,0.3239068145,0.1494954528,,,,0.0124579544,,0.0872056808,,0.0124579544,0.3239068145,,12.0966737262,,0.0124579544,0.0124579544,,,,,,,,,,,,0.0249159088,,,,,,0.0124579544,,,,,,,,,,0.0062289772,,,,0.0062289772,,,,0.0249159088,,,0.0062289772,,,,0.0062289772,,,,,0.0124579544,0.0124579544,,,0.0062289772,,0.0124579544,,,,,,,,,,,0.0062289772,,,,,,,,0.0062289772,,,0.0124579544,,,,,,,,,,,,,,,,,,,,,0.0124579544,,,,,0.0373738632,0.0062289772,0.0124579544,0.0062289772,0.0062289772,0.0124579544,0.0062289772,0.0124579544,,,,,,,,,,,,,,,,,,,,,,,,,,,,,,,,,,,,,,,,,,,,,,,,,,,,,,,,,,,,,,,,,,,,,,,,,,,,,,,,,,,,,,,,,,,,,,,,,,,,,,,,,,,,,,,,,,,,,,,,,,,,,,,,,,,,,,,,,,,,,
9,0.0054725551,,0.9631697039,,0.0164176654,0.038307886,0.7880479396,0.0601981065,0.082088327,0.0109451103,0.0164176654,,,,0.0273627757,4.3616264434,0.0492529962,48.6729053795,,,,0.0766157719,0.1039785476,2.2601652712,,2.9551797734,0.0328353308,,,0.0164176654,0.0109451103,,0.6731242817,,1.0288403656,,0.0547255514,0.0164176654,,,,,0.0109451103,,0.1805943195,0.2462649811,1.1711267991,0.4980025174,2.697969682,,0.0328353308,,0.0054725551,0.1313413233,0.0273627757,,0.0218902205,,,,0.038307886,0.0218902205,0.361188639,7.3441689925,2.0357905106,,0.0985059924,,,0.0218902205,0.0164176654,1.0890384721,0.0328353308,0.5417829585,0.0164176654,,,0.0437804411,,0.4378044109,0.0054725551,2.5173753626,0.0054725551,3.3601488535,,,0.0109451103,0.0054725551,,0.2189022054,0.3283533082,0.0054725551,1.0780933618,0.0985059924,0.0054725551,0.0164176654,0.4049690801,0.1477589887,0.0054725551,,0.0054725551,0.0109451103,,0.0547255514,,0.0054725551,0.3721337492,,11.6839052153,,0.0054725551,,,,0.0109451103,0.0054725551,0.0054725551,,,,,,,0.0218902205,,,,,,,,,,,,0.0054725551,0.0109451103,,,,,,,0.0054725551,,,0.0109451103,,,,,,,,,,0.0054725551,,,0.0164176654,0.0054725551,,,,,0.0109451103,,,,,,,,,,,0.0054725551,0.0109451103,,,,0.0054725551,,,,,,,,,,,,,,,,,,,,,,,,,,,,,,,,0.0218902205,,,,,0.0109451103,,0.0054725551,0.0054725551,0.0054725551,0.0054725551,0.0054725551,0.0054725551,,,,,,,,,,,,,,,,,,,,,,,,,,,,,,,,,,,,,,,,,,,,,,,,,,,,,,,,,,,,,,,,,,,,,,,,,,,,,,,,,,,,,,,,,,,,,,,,,,,,,,,,,,,,,,,,,,,,,,,,,,,,,,,,,,,,,,,,
10,0.0070180364,,0.2315951997,,0.0070180364,,0.336865745,0.0350901818,0.0350901818,,0.0210541091,,0.1543967998,,0.0070180364,6.3864130816,0.0070180364,22.457716331,,,,0.0350901818,0.0912344726,26.4930872342,0.0070180364,2.8072145414,0.0421082181,,0.0070180364,0.0070180364,,,0.5052986174,,3.4879640677,,0.0140360727,0.0210541091,0.0140360727,0.0421082181,0.0631623272,0.0070180364,,,0.0421082181,0.1403607271,0.9965611622,0.1614148361,3.3476033406,,0.0631623272,,,0.0491262545,0.0210541091,,,,0.0421082181,,0.0280721454,0.0210541091,1.3053547617,4.4213629027,2.1685732332,0.0070180364,0.6737314899,,,0.0210541091,,1.1579759983,0.0140360727,0.5052986174,,,,0.0070180364,,0.0350901818,,1.0948136711,,2.4492946873,,,,0.0140360727,,0.119306618,2.2527896695,0.0070180364,0.0631623272,0.3298477086,,,1.508877816,0.0631623272,0.0070180364,,0.0210541091,0.0421082181,,0.119306618,,0.0140360727,0.0842164362,0.0070180364,12.8640606358,,0.0140360727,0.0070180364,,,,,,,,,0.0070180364,,,0.0210541091,,,,,,0.0070180364,0.0140360727,,,,,0.0070180364,0.0070180364,0.0070180364,,,,,,0.1614148361,,,,0.0140360727,0.0140360727,0.0070180364,,,,,,0.0070180364,,,,,,,,0.0140360727,0.0210541091,0.0070180364,,,,,,,,,,,0.0210541091,0.0070180364,,,,,,,,,,,,,,,,,,,,,,,,,,,,,,,,,,,,,,,,,,,,,,,,,0.0070180364,0.0070180364,,,,,,,,,,,,,,,,,,,,,,,,,,,,,,,,,,,,,,,,,,,,,,,,,,,,,,,,,,,,,,,,,,,,,,,,,,,,,,,,,,,,,,,,,,,,,,,,,,,,,,,,,,,,,,,,,,,,,,,,,,,,,,,,,,,,,,
11,,,0.2215359828,,,,0.3759398496,0.0604189044,0.0268528464,,0.033566058,,0.1879699248,,0.0067132116,6.5386680988,0.0067132116,21.6366809882,,0.0067132116,,0.0201396348,0.0939849624,26.2486573577,,2.6785714286,0.0268528464,0.0067132116,0.0201396348,0.0067132116,0.0067132116,,0.6444683136,,3.7593984962,,0.033566058,,0.0134264232,0.0537056928,0.0268528464,0.0067132116,,,0.0738453276,0.100698174,0.8391514501,0.2081095596,3.2827604726,,0.0134264232,,0.0067132116,0.0268528464,0.0067132116,,,,0.067132116,,0.0134264232,0.0201396348,1.2755102041,4.5582706767,2.3630504834,,0.7585929108,,,,,1.0808270677,0.0268528464,0.6511815252,,,,,,0.0537056928,,1.2218045113,0.0067132116,2.3294844253,,0.0067132116,0.0067132116,,,0.1275510204,2.1348012889,0.0134264232,0.0805585392,0.3423737916,0.0402792696,0.0201396348,1.5776047261,0.0872717508,,0.0067132116,0.0067132116,0.033566058,,0.134264232,,0.0134264232,0.134264232,0.0067132116,13.0907626208,0.0067132116,0.0067132116,,0.0067132116,0.0067132116,,,,,,,,,,0.0067132116,,,,,,0.0067132116,0.0134264232,,,,0.0067132116,0.0134264232,,,,,,,,0.2282491944,,,,0.0067132116,,,,,,,,,0.0067132116,,,,,,,0.0067132116,,,,,,,,,,,,,0.0469924812,,,,,,,,,,,,,,,,,,,,,,,0.0067132116,,,,,,,,,,,,,,,0.0067132116,,,,,,,,,,,,,,0.0134264232,0.0067132116,,,,,,,,,,,,,,,,,,,,,,,,,,,,,,,,,,,,,,,,,,,,,,,,,,,,,,,,,,,,,,,,,,,,,,,,,,,,,,,,,,,,,,,,,,,,,,,,,,,,,,,,,,,,,,,,,,,,,,,,,,,,,,,,,,,,
12,,0.0056022409,0.218487395,,,0.0056022409,0.3585434174,0.0672268908,0.0784313725,,0.0168067227,,0.1512605042,,0.0056022409,6.3865546218,,21.2829131653,0.0056022409,0.0112044818,,0.056022409,0.0504201681,26.268907563,,2.918767507,0.0728291317,,0.0168067227,0.0112044818,0.0056022409,,0.6610644258,0.0056022409,4.3081232493,,0.0280112045,0.0056022409,0.0056022409,0.0280112045,0.0448179272,0.0056022409,0.0168067227,,0.0952380952,0.1120448179,0.9299719888,0.1848739496,3.4509803922,,0.0112044818,,,0.0392156863,0.0112044818,,,,0.0840336134,,0.0448179272,,1.4565826331,4.1176470588,2.2016806723,,0.6554621849,,,0.0112044818,,1.2661064426,0.0056022409,0.649859944,,,,0.0056022409,,0.0392156863,,1.1484593838,0.0056022409,2.3865546218,0.0056022409,,0.0056022409,0.0056022409,,0.1512605042,2.0672268908,0.0112044818,0.0336134454,0.380952381,0.0224089636,0.0280112045,1.4453781513,0.0728291317,,,0.0056022409,0.0672268908,,0.1400560224,,0.0056022409,0.1120448179,0.0056022409,13.137254902,,,,,,,,,,0.0112044818,,0.0056022409,,,0.0168067227,,,,,,0.0056022409,,0.0056022409,,,,0.0056022409,,,,,,,,0.1568627451,,,,0.0056022409,,,,,,,,,0.0056022409,,,0.0056022409,,,,,,0.0056022409,,,,,0.0056022409,,,,,,0.0112044818,0.0056022409,,,,,,,,,,,,,,,,,,,,,,,0.0056022409,,,,,,,,,,,,,,,,,,,,,,,,,,,,,,0.0056022409,0.0056022409,0.0056022409,0.0056022409,,,,,,,,,,,,,,,,,,,,,,,,,,,,,,,,,,,,,,,,,,,,,,,,,,,,,,,,,,,,,,,,,,,,,,,,,,,,,,,,,,,,,,,,,,,,,,,,,,,,,,,,,,,,,,,,,,,,,,,,,,,,,,,,
13,0.0053798149,0.0107596299,0.1936733376,,0.0053798149,,0.3981063051,0.0753174091,0.0484183344,0.0053798149,0.0161394448,,0.0860770389,,0.0215192597,6.8485044114,0.0053798149,21.2341295459,,0.0053798149,,0.0645577792,0.0753174091,26.0867226167,,2.7759845061,0.0537981493,,0.0107596299,0.0107596299,,,0.6294383473,,4.5782225091,,0.0215192597,,,0.0268990747,0.0699375941,0.0053798149,0.0107596299,,0.1022164838,0.1237357435,0.9253281687,0.1129761136,3.1902302561,,0.0376587045,,,0.0322788896,0.0322788896,,,,0.0322788896,,0.0753174091,0.0161394448,1.4902087368,3.9487841618,2.04970949,0.0053798149,0.6617172369,,,0.0107596299,0.0107596299,1.3180546589,0.0322788896,0.656337422,,0.0053798149,,,,0.0591779643,,1.0544437271,0.0053798149,2.0120507855,,0.0053798149,0.0053798149,,,0.1183559286,2.211103938,0.0053798149,0.0322788896,0.4142457499,0.0215192597,0.0322788896,1.5332472563,0.0753174091,,,,0.0268990747,0.0053798149,0.1237357435,,,0.1829137078,,13.4226382612,,,0.0053798149,0.0053798149,,,0.0053798149,,,,0.0107596299,0.0053798149,,,0.0215192597,0.0053798149,,,,,,,0.0053798149,,,0.0107596299,0.0053798149,0.0053798149,,,0.0053798149,,,,0.1990531526,,,,0.0107596299,,,0.0053798149,,0.0053798149,,,,,,,,,,,,,0.0107596299,,,,,,,,,,,0.0161394448,,,,,0.0053798149,,,,,,,,,,,,,,,,,,,,,,,,,,,0.0107596299,,,,,,,0.0053798149,,,,,0.0053798149,,,,0.0053798149,,,,0.0053798149,,,,,0.0053798149,0.0053798149,0.0053798149,0.0053798149,0.0053798149,,,,,,,,,,,,,,,,,,,,,,,,,,,,,,,,,,,,,,,,,,,,,,,,,,,,,,,,,,,,,,,,,,,,,,,,,,,,,,,,,,,,,,,,,,,,,,,,,,,,,,,,,,,,,,,,,,,,,,,,,,,,
14,,,0.2177858439,,,0.0155561317,0.6844697952,,0.0414830179,0.0103707545,0.0414830179,,0.0725952813,,,4.9053668654,,19.517759917,,0.0103707545,,0.1140782992,0.2385273529,20.1140782992,,1.4000518538,,,0.0051853772,,,,0.8711433757,,6.1809696655,0.0051853772,0.0103707545,0.0051853772,0.0103707545,0.0051853772,0.0155561317,,0.0103707545,,0.0103707545,0.0777806585,1.0163339383,0.2229712212,7.243971999,,0.0362976407,,,0.0103707545,0.0207415089,,,,0.0518537724,,0.0103707545,,0.5289084781,7.9439979258,2.7741768214,0.0051853772,0.2696396163,,,0.0051853772,0.0051853772,0.658542909,0.0051853772,0.1711174488,0.0051853772,,0.0051853772,,,0.0259268862,,0.8504018667,,1.8148820327,0.0051853772,,0.0103707545,0.0051853772,,0.2540834846,10.3551983407,0.0051853772,0.0362976407,0.2333419756,,0.0103707545,2.1571169303,0.1348198081,,,0.0207415089,0.0362976407,,0.0674099041,0.0051853772,,0.1400051854,,7.8714026445,,0.0051853772,,0.0051853772,,,,,,,,0.0051853772,,,,,,,,,0.0051853772,0.0051853772,,,0.0051853772,,0.0051853772,,0.0051853772,,,,,,0.1918589577,,,,0.0311122634,,,,,,,,0.0051853772,,,,,,,,,,,0.0051853772,,,,,,,,,,0.0570391496,,,,,0.0051853772,,,,,,,,,,,,,,,,,,,0.0051853772,,,,,,,,,,,,,,0.0051853772,,,,,,,,,,,,,0.0051853772,0.0051853772,,,,,0.0051853772,,,,,0.0051853772,0.0051853772,0.0051853772,,,,,,,,,,,,,,,,,,,,,,,,,,,,,,,,,,,,,,,,,,,,,,,,,,,,,,,,,,,,,,,,,,,,,,,,,,,,,,,,,,,,,,,,,,,,,,,,,,,,,,,,,,,,,,,,,,,,,,,,,
15,,,0.2427545207,0.0049541739,,0.0099083478,0.6589051276,,0.0297250433,0.0198166956,0.0346792172,,0.0495417389,,,4.8105028486,,19.6234827842,0.0049541739,,,0.0644042606,0.2526628685,19.3757740897,0.0099083478,1.4812979936,,,0.0049541739,,0.0099083478,,0.9016596483,,5.8508793659,,0.0297250433,,0.0049541739,0.0099083478,0.0198166956,0.0099083478,,0.0049541739,0.0148625217,0.0594500867,1.0304681694,0.272479564,7.4758484023,0.0049541739,0.0594500867,,0.0049541739,,0.0099083478,,,,0.0842209562,0.0049541739,0.0297250433,,0.5400049542,8.080257617,2.9576418132,0.0198166956,0.3913797374,,,0.0049541739,0.0049541739,0.9462472133,0.0099083478,0.1981669557,,,,0.0099083478,,0.0346792172,,0.7827594749,0.0049541739,1.8627693832,,0.0148625217,0.0148625217,,,0.1733960862,9.9331186525,0.0148625217,0.0198166956,0.2873420857,,0.0148625217,2.4424077285,0.1139459995,,,0.0148625217,0.0346792172,0.0049541739,0.0743126084,,,0.1189001734,0.0049541739,7.8275947486,,,0.0049541739,,,0.0049541739,,,,,,0.0099083478,,,0.0049541739,,,,,,0.0049541739,0.0198166956,,,0.0049541739,,0.0148625217,,,,,,,,0.2675253901,,,,0.0346792172,,,0.0049541739,,,0.0099083478,,,,,,,0.0049541739,,,0.0049541739,,,,,,,,,,,,,0.0297250433,,,,,,0.0049541739,,,,,,,,,,,,,,,,,,,,,,,,,,,,,,,,,,,,,,,,,,,,,0.0099083478,0.0049541739,,,,,,,,,,,0.0099083478,,0.0049541739,0.0049541739,0.0049541739,,,,,,,,,,,,,,,,,,,,,,,,,,,,,,,,,,,,,,,,,,,,,,,,,,,,,,,,,,,,,,,,,,,,,,,,,,,,,,,,,,,,,,,,,,,,,,,,,,,,,,,,,,,,,,,,,,,,,,
16,0.0190730498,,0.4577531947,,,,1.2397482357,2.5367156208,,,,,4.8064085447,,,5.9698645813,0.3242418463,5.5121113866,,0.0381460996,,0.171657448,0.4958992943,10.1277894335,0.0190730498,13.9614724394,0.0572191493,,0.0762921991,,0.0381460996,,1.1634560366,,6.2941064276,,0.2098035476,0.0190730498,,0.5912645432,0.0953652489,0.0190730498,0.0190730498,,0.2098035476,0.5340453939,5.2641617395,0.0381460996,7.5910738127,,,,,,,,,,0.438680145,,0.0572191493,,0.8964333397,9.8798397864,2.4413503719,0.0381460996,0.9727255388,,,0.1525843982,,2.4794964715,,1.8310127789,,,,0.0572191493,,,,0.1144382987,,0.1907304978,,,0.0572191493,0.0190730498,,0.0572191493,0.3814609956,,1.3732595842,0.0572191493,0.171657448,0.0190730498,0.1144382987,0.1525843982,0.0190730498,,,,,0.1525843982,0.0190730498,,0.0381460996,,9.3457943925,0.0190730498,0.0190730498,,,,0.0381460996,,,,,,,,,0.0953652489,,,,,,,,,,,,0.0572191493,,,,0.0381460996,,,,0.0190730498,,,,0.0381460996,0.0381460996,,,,,,,,,,,0.0190730498,0.0381460996,,,,,,,,,,,,,,,,,,,,,,0.0190730498,,,,,,,0.0190730498,,,,,,,,,,,,,,,,,,,,,,,,,0.0190730498,,,,,,,,,,,,,,,,,,,,,,0.0190730498,,,,,,,,0.0190730498,0.0190730498,0.0190730498,0.0190730498,,,,,,,,,,,,,,,,,,,,,,,,,,,,,,,,,,,,,,,,,,,,,,,,,,,,,,,,,,,,,,,,,,,,,,,,,,,,,,,,,,,,,,,,,,,,,,,,,,,,,,,,,,,,,,,,,,
17,,,0.447177194,,0.0558971492,,1.3787963481,2.5340040991,,,,,5.4220234768,,,5.7760387554,0.2981181293,5.4033910937,,0.0186323831,,0.1304266816,0.5403391094,9.2230296255,0.0558971492,12.3719023663,0.0186323831,,0.0372647662,,,,0.9688839203,0.0186323831,6.6517607602,,0.1863238308,,0.0186323831,1.0061486864,,0.0186323831,0.0372647662,,0.1117942985,0.689398174,4.8071548351,0.0186323831,7.8256008944,,,,,0.1304266816,,,,0.0745295323,0.3353828955,,,,0.689398174,9.5025153717,2.515371716,,1.0993106018,,,0.0558971492,0.0186323831,2.3104155021,,1.825973542,0.0558971492,,,0.0372647662,,,,0.2981181293,0.0186323831,0.3167505124,,,0.1117942985,0.0186323831,,0.0372647662,0.447177194,,1.4346934973,0.1676914477,0.0931619154,,0.0745295323,0.2794857462,0.0558971492,,0.0186323831,,,0.223588597,0.0186323831,,0.0186323831,,11.1794298491,0.0186323831,0.0558971492,,,,,,,,,,,,,0.0745295323,0.0186323831,,,,,0.0186323831,,,,,,0.0186323831,,,,,,0.0186323831,,,,,,0.0186323831,0.0186323831,,,,,,,,,,,,,,,0.0186323831,,,,0.0186323831,,,,,,,,,0.0186323831,,,,,0.0186323831,,,,,,,,,,,,,,,,,,,,,,,,,,,,,0.0372647662,,,,,,,,,,,,,,,0.0186323831,,,,,,,,,,,,,,,,,,,,,,0.0186323831,0.0186323831,0.0186323831,0.0186323831,,,,,,,,,,,,,,,,,,,,,,,,,,,,,,,,,,,,,,,,,,,,,,,,,,,,,,,,,,,,,,,,,,,,,,,,,,,,,,,,,,,,,,,,,,,,,,,,,,,,,,,,,,,,,,,
18,,0.0145613396,0.7717510011,,0.0436840189,0.0145613396,1.3760465963,0.2985074627,0.0364033491,0.0218420095,0.0364033491,0.0072806698,0.080087368,,,5.7371678194,,26.3341827448,0.0072806698,0.0145613396,,0.1892974154,0.1092100473,4.1863851474,0.0072806698,3.509282854,0.0145613396,0.0218420095,0.0291226793,0.0072806698,0.0145613396,,0.8955223881,,3.2180560612,0.0072806698,0.6989443029,0.0145613396,0.1019293775,,,0.6188569348,,,0.0291226793,0.3130688023,1.9657808518,0.7280669822,3.2690207499,,0.0072806698,,,0.0436840189,0.0072806698,,,,0.0655260284,,0.1019293775,1.3833272661,7.877684747,1.4415726247,1.9949035311,,1.5435020022,,0.0072806698,0.1019293775,0.0072806698,2.0385875501,0.0145613396,1.1721878413,,,,0.0072806698,,0.3567528213,0.0145613396,2.5409537677,0.0436840189,2.6064797961,,,0.0145613396,0.0218420095,0.0072806698,0.1310520568,0.1019293775,,0.0072806698,0.3494721514,0.4222788497,0.0436840189,2.9996359665,0.1019293775,,0.0291226793,0.0364033491,,,0.0072806698,,0.0072806698,0.0509646888,,15.2748452858,,,0.0072806698,,0.0072806698,0.0582453586,0.0145613396,,0.0072806698,,0.0218420095,,,0.0072806698,0.080087368,0.0072806698,,,,1.6163087004,0.0072806698,0.0072806698,,,,0.0218420095,,,,,0.0072806698,,0.0072806698,,,,,0.0072806698,,,,,,0.0072806698,0.0072806698,,,0.0072806698,,,,,,,0.0145613396,,0.0072806698,,,,,,0.0728066982,,,,0.0072806698,0.0728066982,,,,,,0.0291226793,0.0072806698,,0.0145613396,,,,,0.0072806698,0.0072806698,0.0218420095,,,,,,,,,,,,,0.0145613396,,0.0072806698,,,,,,,,,,,,0.0072806698,0.0072806698,,,,,,,0.0145613396,0.0072806698,,,,,,,,,,,,,,,,,,,,,,0.0072806698,0.0072806698,0.0072806698,0.0072806698,0.0072806698,0.0072806698,,,,,,,,,,,,,,,,,,,,,,,,,,,,,,,,,,,,,,,,,,,,,,,,,,,,,,,,,,,,,,,,,,,,,,,,,,,,,,,,,,,,,,,,,,,,,,,,,,,,,,,,,,
19,,0.0069725282,0.8576209734,,0.027890113,0.0209175847,0.9900990099,0.3834890531,0.0348626412,0.0209175847,0.0209175847,0.0139450565,0.0418351694,,,5.6756379863,,27.0464370381,0.0139450565,0.0348626412,0.0069725282,0.2300934319,0.1115604518,3.9464509831,,3.7442476642,0.0418351694,0.0069725282,0.0139450565,0.0139450565,0.0069725282,,0.906428671,0.0069725282,3.0121321991,0.0069725282,0.6484451262,0.0906428671,0.0836703389,0.0069725282,,0.5020220332,,0.0069725282,0.027890113,0.2300934319,1.7431320597,0.467159392,2.9702970297,,0.0209175847,,0.0069725282,0.0139450565,0.027890113,,,0.0069725282,0.0418351694,,0.0627527541,1.3875331195,8.2903360759,1.4502858737,1.9592804351,,1.2829451959,0.0209175847,,0.0976153953,0.0069725282,2.0568958304,0.0348626412,0.9900990099,,,,,,0.2231209036,0.0418351694,2.9912146144,0.0488076977,2.6635057872,,,0.0627527541,0.1185329801,0.0069725282,0.1812857342,0.1185329801,,0.0139450565,0.3904615814,0.4253242226,0.027890113,2.7053409566,0.0906428671,,0.0139450565,0.0627527541,,0.0069725282,0.0348626412,,0.0069725282,0.0697252824,,15.5557105006,,,0.0139450565,,,0.0348626412,0.0069725282,,,0.0069725282,,,,,0.0557802259,0.0069725282,,,,1.7152419467,0.0139450565,0.0069725282,,,,0.0069725282,,,,,0.0418351694,0.0069725282,0.027890113,,,,,0.0069725282,0.027890113,,0.0069725282,0.0069725282,,0.0209175847,,0.0069725282,,,0.0069725282,,,,,,0.027890113,,0.0069725282,,,,,,0.0418351694,,,,,0.0348626412,0.0139450565,,,,0.0139450565,0.027890113,,,,,,,,,,0.0209175847,,,,,,,,,,,,,0.027890113,,,,,,,,,,,,,,0.0069725282,,,,,,,0.0139450565,,,,,,,,,,,,,,,,,,,,0.0139450565,,,,0.0069725282,,,,,,0.0069725282,0.0069725282,0.0069725282,0.0069725282,0.0069725282,0.0069725282,0.0069725282,0.0069725282,0.0069725282,0.0069725282,,,,,,,,,,,,,,,,,,,,,,,,,,,,,,,,,,,,,,,,,,,,,,,,,,,,,,,,,,,,,,,,,,,,,,,,,,,,,,,,,,,,,,,,,,,,,,,,
20,0.007479991,,0.2169197397,,0.0224399731,0.1645598025,0.0747999102,0.0448799461,0.014959982,0.1196798564,,,0.0972398833,0.007479991,,2.5132769841,0.007479991,19.0216171741,,0.0299199641,,0.1645598025,0.2543196948,1.3314384023,,3.418355898,,,0.007479991,,0.014959982,,0.8452389857,,1.4959982048,0.0299199641,0.0448799461,0.014959982,0.0448799461,0.0373999551,0.014959982,0.007479991,,,0.1645598025,0.014959982,3.4707158351,0.5609993268,2.2664372803,0.014959982,0.0448799461,,0.0224399731,0.2692796769,0.299199641,,0.007479991,0.0299199641,6.5674321191,,0.014959982,0.014959982,6.4327922806,7.173311392,1.4137183035,,0.0523599372,0.007479991,0.007479991,0.007479991,,1.1593986087,0.628319246,0.4787194255,,,,0.0299199641,,0.0299199641,0.007479991,6.9264716882,,23.6666916,0.014959982,0.007479991,,0.007479991,,0.0747999102,0.0598399282,,0.1271598474,0.1047198743,,0.007479991,0.1047198743,0.1121998654,0.014959982,0.014959982,,,0.007479991,0.1869997756,,,0.014959982,,6.859151769,0.007479991,0.007479991,,,,0.007479991,0.007479991,0.0224399731,,,,0.1720397936,,,0.014959982,,,0.0299199641,,0.014959982,,0.007479991,,,0.007479991,,,,,,,,,,,,,,0.007479991,,0.007479991,,,,,0.007479991,,,,,,,,,0.014959982,0.007479991,,,,,,,,,,,0.007479991,0.007479991,,,,,,,,,,,,,,,,,,,,,,,,,,,,,,0.007479991,0.007479991,,0.007479991,,,,,,,,,,,,0.007479991,,,,,,,,,,,,,,,,,,,,,,,,,,,,,,,,,,,,,,,,,,,,,0.007479991,0.007479991,0.007479991,0.007479991,0.007479991,,,,,,,,,,,,,,,,,,,,,,,,,,,,,,,,,,,,,,,,,,,,,,,,,,,,,,,,,,,,,,,,,,,,,,,,,,,,,,,,,,,,,,,,,,,
21,0.0125952516,,0.0671746751,,0.020992086,0.010496043,0.3820559649,0.0020992086,0.0482817978,0.0041984172,0.0545794236,0.7494174696,,,,0.8312866049,0.031488129,32.9911623318,0.0062976258,0.0062976258,,0.3631630875,0.4555282658,6.0079350085,,1.8871885299,0.0167936688,3.1404160631,0.0041984172,0.0020992086,0.0020992086,,0.6738459601,0.0020992086,0.2519050318,,0.4366353885,0.203623234,,0.0041984172,0.0020992086,0.1910279825,,,0.041984172,0.031488129,3.8982303672,0.5206037324,1.3917753007,0.0020992086,0.052480215,,0.0041984172,,0.0146944602,,,0.0776707181,0.020992086,0.1175556815,0.020992086,0.0272897118,0.3316749585,2.0761173038,0.4870163948,,0.0335873376,,0.0020992086,0.0755715095,,0.2812939522,0.0041984172,0.5185045238,0.0881667611,,,0.0293889204,,,0.0020992086,0.8228897706,,3.1782018179,,0.0020992086,,0.0062976258,0.0020992086,0.2854923694,0.1700358965,,0.8816676113,0.1406469761,0.0041984172,0.0062976258,0.7032348805,0.0503810064,0.0041984172,1.8011209774,11.7366752734,,0.0020992086,0.2372105716,0.0125952516,0.0020992086,0.1238533073,,13.6385582635,0.0041984172,0.010496043,0.0020992086,,0.2372105716,0.0041984172,,,,,,0.0020992086,,,0.0986628041,0.5038100636,,,,0.0020992086,0.0020992086,,,,,2.1411927703,0.0146944602,,,,,,0.010496043,,,,0.0062976258,0.0041984172,0.0041984172,,0.0020992086,,,0.0020992086,,,,,,,,0.0083968344,0.0125952516,,1.9060814073,0.757814304,0.0041984172,,,,0.0020992086,0.0083968344,,,,,0.0020992086,,,,,,,0.0041984172,,,,,0.0020992086,0.0020992086,,,,,,,,0.2477066146,,,,0.0041984172,,,,0.0062976258,,,,,,,,,,,,,,,,0.0020992086,,,,,,,,,,,,,,0.0041984172,,,,,,,0.0377857548,,,,0.1070596385,,,,0.0020992086,0.4051472595,,,,,,,,,,,,,,,,,,,,,0.0020992086,0.0020992086,0.0020992086,0.0020992086,0.0020992086,0.1091588471,0.0272897118,0.0020992086,0.0125952516,0.0020992086,0.0020992086,0.0020992086,0.0377857548,0.1280517245,0.0020992086,0.0020992086,0.0062976258,0.0020992086,0.0020992086,0.0041984172,0.203623234,0.0020992086,0.0041984172,0.0293889204,0.0020992086,,,,,,,,,,,,,,,,,,,,,,,,,,,,,,,,,,,,,,,,,,,,,,,,,,,,,,,,,,,,,,,,,,
22,0.017405683,0.0021757104,0.05874418,,0.0043514207,0.017405683,0.3785736043,0.0021757104,0.0522170489,,0.0805012837,0.7680257604,,,,0.8267699404,0.017405683,32.9119707585,0.0065271311,0.0021757104,,0.3807493147,0.4220878117,5.9788520952,,1.7101083504,0.0326356555,3.1090901179,0.0130542622,,0.0087028415,,0.6353074279,,0.2328010095,,0.4525477568,0.1305426222,,0.0021757104,0.0043514207,0.200165354,0.0021757104,,0.017405683,0.0152299726,4.1664853575,0.4938862539,1.2031678343,,0.041338497,,0.0021757104,0.0043514207,0.0195813933,,0.0043514207,0.0435142074,0.0304599452,0.1022583874,0.0348113659,0.0348113659,0.3481136591,2.2475088116,0.4394934946,,0.0304599452,,0.0021757104,0.0805012837,0.0021757104,0.2850180584,0.0108785518,0.5678604064,0.0761498629,,,0.0261085244,,,,0.7397415256,,3.4136895696,,,,,0.0021757104,0.282842348,0.182759671,,0.8507027544,0.1131369392,0.0065271311,0.0108785518,0.7636743397,0.0239328141,,2.0386406162,11.4812236195,,0.0021757104,0.241503851,0.0087028415,,0.1087855185,,13.5851355468,0.0108785518,0.0108785518,,0.0021757104,0.2240981681,,,,0.0021757104,,,0.0021757104,,,0.1174883599,0.541751882,,,,0.0021757104,0.0043514207,,,,,2.1583046865,0.0065271311,,,,,,0.0087028415,,,,,,,,,,,,,,,0.0021757104,,,,0.0087028415,0.0021757104,,1.8188938688,0.7549714982,0.0021757104,,,,0.0065271311,0.0021757104,,,,,,,,,,0.0021757104,0.0021757104,0.0065271311,,0.0021757104,0.0021757104,,,,,,,,,,,0.258909534,,,0.0021757104,,,,,0.0152299726,0.0087028415,,,,,,,,,,,,,,,0.0021757104,,,,,,,,,,,,,,0.0087028415,,,,,,,0.0456899178,,,,0.1109612288,,,,,0.4699534398,,,,,,0.0130542622,,,,,,,,,,,,,,,,,0.0065271311,0.0087028415,0.0021757104,0.100082677,0.0326356555,,0.0108785518,,,0.0021757104,0.0522170489,0.1522997259,,,0.0087028415,0.0043514207,0.0021757104,0.0021757104,0.2219224577,,0.0021757104,0.0543927592,,0.0043514207,0.0043514207,0.0021757104,0.0021757104,0.0021757104,0.0021757104,0.017405683,0.0021757104,0.0021757104,0.0021757104,0.0021757104,0.0021757104,0.0021757104,,,,,,,,,,,,,,,,,,,,,,,,,,,,,,,,,,,,,,,,,,,,,,,,,,,,,
23,,,0.5248010835,,0.0507872016,0.0507872016,0.3555104114,0.2031488065,0.2877941425,1.1511765702,0.0169290672,,0.0677162688,,,5.7897409853,,35.7880480786,,,,0.0338581344,0.0507872016,3.1149483663,,0.7787370916,,0.1185034705,,0.1015744033,0.1523616049,,1.1003893685,,0.1354325377,0.5586592179,0.0169290672,0.0338581344,3.8090401219,,,,0.0507872016,,0.0507872016,0.0507872016,0.2877941425,8.447604537,2.5224310141,,0.1015744033,,,1.8791264601,0.1015744033,,,0.0169290672,0.0338581344,0.0169290672,,,0.1354325377,0.9141696293,6.7885559506,,0.0338581344,,,,,1.1173184358,0.321652277,0.0338581344,0.0169290672,,,0.0169290672,,0.8464533604,,0.490942949,,17.5554426951,,,,,,0.1015744033,0.5755882851,0.084645336,0.0338581344,0.7618080244,,,0.0169290672,0.084645336,,0.084645336,0.1523616049,0.0169290672,,,,,0.1354325377,,1.0834603013,,0.0169290672,0.0507872016,,0.0169290672,0.0338581344,,,,,,,,,,0.0169290672,,0.0338581344,,0.0677162688,0.0338581344,0.0338581344,,,0.0169290672,0.0507872016,,,,,0.0338581344,,,,0.0338581344,,,,0.0169290672,,,,,,,,,,,,,,,,0.0169290672,0.0169290672,,,,,,,,,,,,,,,,0.0169290672,,,,,,,,,,,0.0169290672,,,,,0.0169290672,,,,,,,,,,,,,,,,,0.0169290672,,,,,0.0169290672,,,,,,,0.0169290672,,,0.0169290672,,,,,,0.0169290672,,,,,,,0.0507872016,,,,,,,,,,,,,,,,,,,,,,,,,,,,,,,,,,,,,,,,,,,,,,,,,,,,,,,,0.0169290672,,,,,,,,,,,,0.0169290672,0.0169290672,0.0169290672,,,,,,,,,,,,,,,,,,,,,,,,,,,,,,,,,,,,,,,,,,,,,,,,,,
24,,,0.3328894807,,0.0332889481,0.0332889481,0.3661784288,0.2163781625,0.1997336884,1.1318242344,0.0332889481,0.016644474,0.2496671105,,,6.258322237,,34.8368841545,,,,,0.1165113182,3.2623169108,0.016644474,0.7323568575,,0.0665778961,,0.1664447403,0.1830892144,,1.2150466045,,0.2829560586,0.7157123835,0.0998668442,0.0665778961,4.4107856192,0.0499334221,,,0.016644474,,0.1165113182,0.0832223702,0.2663115846,8.7050599201,2.1138482024,,0.1165113182,,,1.930758988,0.0499334221,0.016644474,,,,,0.016644474,,0.0665778961,0.8821571238,6.3249001332,0.0332889481,0.0499334221,,,,,0.8155792277,0.3162450067,0.0499334221,,,,,,0.8322237017,0.016644474,0.6824234354,,17.5599201065,,,0.016644474,,0.016644474,0.1165113182,0.3328894807,0.1165113182,,0.8821571238,,0.016644474,,0.0499334221,,0.0998668442,0.1997336884,0.0499334221,,0.016644474,,,0.0332889481,,1.1151797603,,,0.016644474,,,,,,,,,,,,,0.016644474,,0.0998668442,,0.016644474,,0.0499334221,,,,0.0665778961,,0.016644474,,,0.016644474,,0.016644474,,0.0665778961,,,,,,,0.016644474,,,,,,,,,,0.016644474,0.0332889481,,0.0499334221,0.016644474,,0.016644474,,,,,0.016644474,,,,,,,,,0.0332889481,,,,,,,,,,,,,,,,0.016644474,,,,,,,,,,,,,,,,,0.016644474,,,,,,0.016644474,,,,,,,,,0.016644474,,,,,,,,,,,,,,,,,,,,,,0.016644474,,,,,,,,,,,,,,,,,,,,,,,,,,,,,,,,,,,,,,,,,0.016644474,,,,,,,,,,,,,,,,,,,,,0.016644474,0.016644474,0.016644474,0.016644474,0.016644474,0.016644474,,,,,,,,,,,,,,,,,,,,,,,,,,,,,,,,,,,,,,,,,,,,
25,,0.0187055743,0.6921062477,,0.0093527871,0.074822297,0.5331088664,0.2992891882,0.0467639357,0.9165731388,0.0280583614,,,,,6.0419004863,0.0093527871,35.7931163487,0.0280583614,,,0.2431724654,0.0561167228,4.1713430602,0.0093527871,1.5899738122,0.0374111485,0.074822297,0.0093527871,0.0935278713,0.0935278713,,1.4590347924,,0.4115226337,0.4582865694,0.1028806584,0.1496445941,1.1129816685,,,0.0280583614,0.0093527871,0.0093527871,0.0467639357,0.1589973812,0.2618780397,6.3505424617,3.1612420501,,0.0374111485,,,4.4145155256,0.0467639357,,,,0.0093527871,,0.0374111485,0.0280583614,0.1309390198,0.5050505051,8.8196782641,0.0093527871,0.1028806584,,,0.0374111485,0.0187055743,1.505798728,0.3179947624,0.2338196783,,,,0.0093527871,,0.7201646091,,1.3561541339,0.0093527871,12.5607931163,,,0.0187055743,0.0187055743,,0.3741114852,0.430228208,0.074822297,0.0187055743,0.6640478863,,0.0187055743,0.0374111485,0.0467639357,,0.2057613169,0.0187055743,0.0280583614,,0.0187055743,,0.0093527871,0.0935278713,,1.5525626637,,0.0187055743,0.0187055743,0.0093527871,0.0187055743,0.0187055743,,,,,,,,,,0.0187055743,,0.0841750842,,,0.0467639357,0.140291807,,,,0.1028806584,,,0.0093527871,0.0093527871,0.0280583614,,0.0093527871,,0.0187055743,,,0.0093527871,0.0187055743,,,,,,,,,,,,,0.0093527871,,,0.0187055743,0.0187055743,,,,,,,,,,,,,0.0093527871,,,,,0.0093527871,,,,,,,,,0.0187055743,,,,,,,,,,,,,,0.0187055743,,,,,0.0093527871,,,0.0374111485,,,,,,,,,,,,,,,,0.0093527871,,,,0.0093527871,0.0280583614,,,,,,,,,,,,,,,,0.0093527871,,,,,,,,,,,,,,,,,,,,,,,,,,,,,,,,,,,,,,,,,,,,,,,,,,,,,,,,,,,,,,0.0093527871,0.0187055743,0.0093527871,,0.0093527871,,0.0093527871,0.0093527871,0.0093527871,0.0093527871,,,,,,,,,,,,,,,,,,,,,,,,,,,,,,,,,,,,,,,,
26,,,0.5538522401,,0.0197804371,0.0395608743,0.603303333,0.1978043715,0.0890119672,1.206606666,0.0494510929,0.0098902186,,0.0098902186,0.0296706557,6.7154584116,0.0197804371,35.0509346257,0.0098902186,,,0.1087924043,0.0197804371,4.2527939867,0.0098902186,1.5230936604,0.0296706557,0.0791217486,0.0197804371,0.0890119672,0.0989021857,,1.5329838789,,0.4549500544,0.5142913658,0.0989021857,0.13846306,0.998912076,,,0.0098902186,0.0098902186,,0.1087924043,0.1582434972,0.1879141529,6.6660073188,3.0956384136,,0.0494510929,,,3.7978439324,0.06923153,,,,0.0197804371,,0.0296706557,0.0098902186,0.0494510929,0.603303333,8.703392345,0.0098902186,0.0989021857,0.0098902186,,0.0197804371,,1.8890317476,0.2670359015,0.3263772129,,,,,,0.5835228959,,1.206606666,,13.5199287904,,,0.0197804371,0.0098902186,,0.2472554643,0.4450598358,0.0494510929,,0.7912174859,0.0098902186,,0.0098902186,0.0890119672,,0.0791217486,0.0494510929,0.0395608743,0.0098902186,0.0098902186,,,0.0593413114,,1.4143012561,,,0.0296706557,,0.0197804371,0.0098902186,,,,,,,0.0197804371,,,0.0197804371,,0.0989021857,,,,0.0494510929,,,,0.0494510929,,0.0098902186,,,0.0098902186,,,,,,0.0098902186,,0.0197804371,,,0.0098902186,,,,,,,,,,,,,0.0593413114,0.0098902186,,0.0098902186,,,,,,,,,,0.0098902186,,,,,,,,,,,,,,,0.0197804371,,,,,,,,,,,,,,,,,,,0.0098902186,,,0.0395608743,,,,,,,,,,,,,,,,,,,,,,,,,,,,,,,,,,,,,,,,,,,,,,,,,,,,,,,,,,,,,,,,,,,,,,,,,,,,,,0.0098902186,,,,,,,,,,,,,,,,,,,,,,0.0098902186,0.0098902186,,,,,,,,0.0098902186,0.0098902186,0.0098902186,0.0098902186,0.0098902186,,,,,,,,,,,,,,,,,,,,,,,,,,,,,,,,,,,
27,0.0032008194,,0.0320081941,,0.0256065553,,0.2880737469,0.0032008194,0.0608155688,0.0096024582,0.1984508034,,,,,0.3680942321,,60.2970360412,,,,1.0978810576,0.0128032776,16.1257281864,,0.851417963,,,0.0032008194,,0.0032008194,,0.0480122911,,0.5281352026,,0.1184303182,,,,,,0.0032008194,,,,0.2944753857,0.0224057359,0.4129057039,0.0032008194,0.0288073747,,0.0192049165,,0.0192049165,,,,0.0064016388,,,,0.0064016388,1.2771269445,0.0480122911,,0.0512131106,0.0032008194,,,0.0224057359,0.3232827604,0.0032008194,0.0224057359,,,,,,,0.0064016388,6.6256961782,,8.8758722233,0.0064016388,0.0128032776,,,,1.1907048204,0.3520901351,,0.0064016388,0.0128032776,,,0.0032008194,0.0576147494,,,0.0032008194,,,0.0064016388,,,0.0832213047,,0.0448114717,,0.0032008194,,0.0032008194,,0.0096024582,,,,,,,,,,,,,,,0.0064016388,,,,,0.0032008194,,,,,,,0.0032008194,,,,0.0032008194,0.0128032776,,,,0.0064016388,,,,,,,,,,,,,0.0032008194,,,,,,,,,,,,,0.0064016388,,,,,,,,,,,,,,,,,,,,,,,,,,,,,,,,,,,,,,,,,,,,,,,,,,,,,,0.0064016388,,,,,,,,,,,,,,,,,,,,,,,,,,,,,,,,,,,,,,,,,,,,,,,,,,,,,,,,,,,,,,,,,,,,,,,,,,,,,,,,,,,,,,,,,,,,,,,,,0.0032008194,,,,,,,,,,,,,,,,,,,,,,,,,,,,,,,,,,
28,,,0.4679693923,,,0.0063239107,0.3288433567,0.0031619554,0.1201543034,0.4395117941,0.0411054196,,2.6212609878,,,4.1073800038,0.0411054196,49.3897426168,0.0063239107,0.0063239107,,0.0442673749,0.1391260355,6.0488205907,0.0031619554,3.6394106115,0.0063239107,,,,,,0.5565041422,0.0031619554,0.2750901157,0.0031619554,0.0284575982,0.0284575982,0.0031619554,0.2782520711,0.0063239107,0.0031619554,,,0.0632391071,0.1454499462,2.0204894707,0.6545247581,2.5548599254,0.0031619554,0.0695630178,,,0.0600771517,0.0284575982,0.0063239107,,,0.430025928,,0.0158097768,,0.635553026,6.0393347246,2.0331372921,0.0063239107,0.2814140264,0.0031619554,,0.0126478214,,0.8126225258,0.0063239107,0.0758869285,0.0252956428,,,0.0158097768,,0.3604629103,,3.0101814962,0.0126478214,2.5264023272,,0.0031619554,0.0031619554,0.0031619554,0.0031619554,0.1992031873,0.5248845886,0.0063239107,0.7177638652,1.5145766142,0.0221336875,0.0063239107,0.0031619554,0.0790488838,0.0284575982,,0.0063239107,0.0063239107,0.0031619554,0.1549358123,,0.0063239107,0.3414911781,0.0063239107,5.6883576804,0.0126478214,,0.0031619554,0.0063239107,,0.0031619554,,,,0.0031619554,,,,,,,,,,0.0031619554,,0.0126478214,,,,,,,,,,,0.0031619554,,,,,,0.0189717321,,,,0.0031619554,,,,,,,,,,,,0.0031619554,,,,,,,,,,,,0.0031619554,,,,,,,,,,,0.0031619554,,,,,0.0031619554,,,,,,,,,,,0.0031619554,,,,,,,,,,,,,,,,,0.0031619554,,,,,,,,,,,,,,,,,,,,,,,,,,,,,,,,,,,,0.0031619554,,,,,,,,,,,0.0063239107,0.0031619554,,,,,,,,,,,,,,,,,,,,,,,,,,,,,,,,,,,,,,,,,,,,,,,,,,,,,,,,,,,,,0.0031619554,0.0031619554,0.0031619554,0.0031619554,0.0031619554,,,,,,,,,,,,,,,,,,,,,,,,,,,,,
29,0.0067145639,,0.664741825,,0.0067145639,0.0134291278,0.3357281945,0.0335728194,0.0872893306,0.3491573222,0.0335728194,,1.2959108306,0.0067145639,0.0134291278,8.6819311086,0.0268582556,37.5545558316,0.0067145639,,,0.12086215,0.1544349694,9.6421137447,0.0067145639,2.2560934667,,0.0067145639,0.0067145639,,,,1.6114953334,,0.5707379306,,0.0537165111,0.0201436917,0.0470019472,0.1745786611,0.0067145639,,,,0.1410058417,0.1745786611,3.4177130195,0.7721748472,2.4642449473,0.0067145639,0.0402873833,,0.0134291278,0.060431075,0.0335728194,,0.0067145639,,0.3961592695,,0.0940038944,,1.3697710334,4.8143423085,1.0407574028,0.0134291278,0.302155375,,0.0067145639,0.0067145639,,1.1817632445,0.0134291278,0.1678640972,0.0134291278,,,0.0470019472,,0.1477204056,0.0134291278,4.8076277446,,2.2023769556,,0.0134291278,,,,0.3290136306,0.4834486,,0.6781709528,1.2354797556,0.0402873833,0.0067145639,0.0268582556,0.1007184583,0.0134291278,0.0067145639,0.0134291278,0.0067145639,0.0134291278,0.1745786611,,0.0067145639,0.2081514806,,8.8296515141,0.0067145639,,0.0067145639,,,,,,,,,,,,0.0067145639,,,,,0.0067145639,0.0134291278,0.0067145639,0.0067145639,,0.0134291278,,,,,,,,0.0067145639,,,,,0.0067145639,,,,0.0067145639,,,0.0067145639,,,0.0067145639,,,0.0067145639,,,0.0067145639,0.0067145639,,,0.0067145639,,,,,,,,,,,0.0067145639,,,,,0.0067145639,,,,,,,,,,,,,,,,,,,,,,,,,,,,,,0.0067145639,0.0067145639,,,,,,,,,,0.0067145639,,0.0067145639,,0.0134291278,,,,,,,,,,,,,,,,,,,,,,,,,,,,,,,,,,,,,,,,,,,,,,,,,,,,,,,,,,,,,,,,,,,,,,,,,,,,,,,,,,,,,,,,,,,,,,,,,,,,,,,,,,0.0067145639,0.0067145639,0.0067145639,0.0067145639,0.0268582556,0.0134291278,,,,,,,,,,,,,,,,,,,,,,,
30,0.0071973514,,0.6261695696,0.0215920541,,0.0287894055,0.3742622715,0.0143947027,0.0719735137,0.3814596229,0.0431841082,,1.3027205988,,,8.8599395422,0.0143947027,37.994817907,,0.0071973514,,0.0791708651,0.1439470275,9.73801641,,2.3103497913,0.0143947027,0.0071973514,0.0071973514,,,,1.7129696272,0.0071973514,0.57578811,0.0143947027,0.0215920541,,0.0359867569,0.1295523247,,,,0.0071973514,0.1079602706,0.2231178926,3.4835180654,0.7629192457,2.6270332518,,0.0503814596,,0.0143947027,0.057578811,0.0071973514,0.0143947027,,0.0071973514,0.460630488,,0.0431841082,0.0071973514,1.2667338419,4.9733697999,1.1011947603,0.0071973514,0.3526702174,0.0071973514,,0.0143947027,,1.3674967612,0.0071973514,0.0791708651,0.0503814596,,0.0071973514,0.0359867569,,0.1367496761,,4.5127393119,0.0215920541,2.1088239528,,0.0143947027,,0.0143947027,,0.3310781632,0.4462357852,0.0143947027,0.6837483806,1.2307470851,0.0143947027,0.0071973514,0.0287894055,0.1223549734,0.0071973514,,,0.0071973514,0.0071973514,0.230315244,,0.0215920541,0.2015258385,,7.9674679718,0.0143947027,0.0071973514,0.0071973514,0.0215920541,,,,,,,,,,,0.0143947027,,,,,,0.0143947027,,,,,,,,,,,,,,0.0071973514,,,,,,,,,,,0.0071973514,,,,,0.0143947027,,0.0143947027,,,,,,,,,,,,,,,,,,,,,,,,,,,,,,,,,,,,,,,,,,,,,,,,,,,,0.0143947027,,0.0071973514,,,,,,,,,,,,0.0071973514,,,,,,,,,,,,,,,,,,,,,,,,,,,,,,,,,,,,,,,,,,,,,,,,,,,,,,,,,,,,,,,,,,,,0.0071973514,,,,,,,,,,,,,,,,,,,,,,,,,,,,,,,,,,,,,,,,,,,0.0071973514,0.0071973514,0.0071973514,,,,,,,,,,,,,,,,,,,,,
31,0.0207961973,,0.7664884135,,0.008912656,0.0356506239,0.5793226381,,0.0445632799,0.0297088532,0.0415923945,0.0059417706,,,0.0029708853,3.4759358289,0.3178847296,29.7860962567,0.0059417706,,,0.1426024955,0.3416518122,3.9334521687,,5.4812834225,0.0029708853,,0.0029708853,0.008912656,0.0207961973,,0.9536541889,,0.4515745692,,0.0475341652,,,0.0029708853,0.0356506239,,0.0326797386,0.0148544266,0.0356506239,0.092097445,4.3582887701,0.0713012478,4.0582293523,,0.0148544266,,,0.0178253119,0.008912656,,0.0207961973,0.008912656,0.0326797386,,0.0297088532,0.0029708853,0.2852049911,9.5127748069,1.3368983957,0.0029708853,1.5270350564,,,0.0297088532,0.0029708853,2.5995246583,0.008912656,0.0831847891,0.1515151515,,0.0029708853,0.1128936423,,0.6060606061,,4.3582887701,0.0386215092,3.7076648841,0.0029708853,,0.0653594771,0.0059417706,,0.2287581699,0.0534759358,0.0029708853,5.210932858,0.0772430184,0.0237670826,0.0118835413,0.0713012478,0.210932858,0.0029708853,,,,0.0148544266,0.0178253119,0.0029708853,0.0594177065,0.1604278075,0.0029708853,13.8116458705,0.0207961973,0.0207961973,0.008912656,,,,,,,,,0.0059417706,,,0.0148544266,,,,,,,,,,,0.0029708853,,,,,,,0.0059417706,,0.0029708853,,,0.0118835413,0.0178253119,,,,,,,,,,,,0.0207961973,,,,,,,,,,,,,,,,,,,,,,,,,,,,,,,,,,,,,,,,,0.0029708853,,,,,,,,,0.0029708853,,,,,,0.0029708853,,,,,0.0059417706,,,0.0772430184,,,,,,,,,,,,,,,,,,,,,,,,,,,,,,,,0.0059417706,,,,,,,0.0029708853,,,,0.0029708853,,,,,,,,,,,,,,,,,,,,,,,,,,,,,,,,,,,,,,,,,,,,,,,,,,,,,,,,,,,,,,,,,,,,,,,,,,,0.0029708853,0.0029708853,0.0029708853,,,,,,,,,,,,,,,,,,
32,0.0030798608,,0.8438818565,,0.0123194432,0.0369583295,0.6806492347,,0.0431180511,0.0123194432,0.0277187471,,,,,3.0490621824,0.2186701161,30.3119898981,0.0123194432,0.0061597216,,0.1047152669,0.3511041301,3.9761002803,,5.5406695617,0.0030798608,,0.0061597216,,0.0215590255,,1.1549477964,0.0030798608,0.4281006499,,0.0277187471,,,0.0030798608,0.0215590255,,0.0215590255,0.0092395824,0.073916659,0.1262742924,4.2409683082,0.1016354061,4.127013459,,0.0215590255,,0.0030798608,0.0061597216,0.0184791647,,0.0277187471,,0.0246388863,,0.0307986079,0.0092395824,0.3018263574,9.2272629277,1.3890172164,0.0030798608,1.6138470541,0.0030798608,,0.0400381903,,2.2729372632,0.0092395824,0.0554374942,0.1693923435,,,0.1509131787,,0.5358957775,,4.508916197,0.0277187471,3.6065169854,,0.0030798608,0.0646770766,0.0061597216,,0.2340694201,0.0708367982,0.0030798608,5.4821522067,0.1077951277,0.0369583295,0.0400381903,0.0800763805,0.2125103945,,,,0.0030798608,0.0030798608,0.0246388863,0.015399304,0.0338784687,0.1693923435,0.0030798608,13.4805506791,0.0369583295,0.0246388863,0.0030798608,,,,,,,,,0.0030798608,,,0.0030798608,,,,,,,,,,0.0030798608,,,,0.0030798608,,,,,,0.0030798608,,,0.0061597216,0.0184791647,,,,,,,,,,,0.0030798608,0.0246388863,,,,,,,,,,,,,,,,0.0030798608,,,,,,,,,,,,,,,,,,,,,,,,,0.0030798608,,,,,0.0123194432,,,,0.0030798608,,,,,,0.0030798608,,,,,,,,0.0615972158,,,,,,,0.0030798608,,,,,,,,,,,,,,0.0030798608,,0.0030798608,0.0030798608,,,,,,,,0.0123194432,,,,,,,,,,,0.0030798608,,,,,,,,,,,,,,,,,,,,,,,,,,,,,,,,,,,,,,,,,0.0030798608,,,,,,,,,,,,,,,,,,,,,,,,,,,,,,,,,,0.0030798608,,,0.0030798608,0.0030798608,0.0030798608,0.0030798608,0.0030798608,,,,,,,,,,,,,
33,0.0045006526,0.0090013052,1.1296638013,,0.0090013052,0.0450065259,0.5850848373,0.0720104415,0.1125163149,0.0360052208,0.0135019578,,,,,2.3178360862,0.0135019578,49.8042216121,,,,0.0405058734,0.1080156623,1.2871866421,,2.5743732841,0.0045006526,,0.0045006526,0.0090013052,0.0180026104,,0.5355776588,0.0045006526,1.4177055673,0.0090013052,0.0360052208,0.0630091363,,,0.0090013052,,0.022503263,,0.2070300194,0.0720104415,0.7426076781,0.5445789639,2.8624150502,0.0045006526,0.0270039156,,0.0180026104,0.0405058734,0.0450065259,,,,0.0135019578,,0.0270039156,0.0180026104,0.2970430712,9.7574148251,1.9352806157,0.0045006526,0.0990143571,,,0.0045006526,0.0045006526,0.7516089833,0.0315045682,0.1305189252,0.0045006526,,0.0090013052,0.0045006526,,0.5490796165,,1.9802871416,,4.3251271434,,0.0045006526,0.0135019578,,,0.2475358927,0.1620234934,0.0045006526,0.1305189252,0.0765110941,0.0045006526,0.0135019578,0.1485215356,0.1485215356,,,0.0135019578,0.022503263,0.0090013052,0.022503263,,0.0045006526,0.4185606913,,13.6054727936,,,,0.0045006526,,,,,,,,0.0045006526,,,,,,,,,0.0090013052,0.0090013052,,,0.0045006526,,0.0090013052,,0.0045006526,,,,,,,,,0.0090013052,,,,,,,,,,,,,,0.0090013052,,,0.0045006526,,,,,,,,,,,,,0.0045006526,0.0045006526,,,,,,,,,,,,,,,,,,,,,,,,,,,,,,,,,,,,0.0045006526,0.0045006526,0.0090013052,,,0.0090013052,,,,,0.0045006526,,,,,,,0.0045006526,,,0.0045006526,,,,,,,,,,,,,,,0.0045006526,,,,,,,,,,,,,,,,,,,,,,,,,,,,,,,,,,,,,,,,,,,,,,,,,,,,,,,,,,,,,,,,0.0045006526,,,,,,,,,,,,,,,,,,,,,,,,,,,,,,,,,,,,,0.0045006526,0.0045006526,0.0045006526,0.0045006526,,,,,,,,,
34,,,1.1655555038,,0.009324444,0.0559466642,0.6760221922,0.1258799944,0.1585155485,0.0279733321,0.004662222,,0.004662222,0.004662222,0.009324444,2.1912443471,,49.9510466688,0.004662222,0.004662222,,0.0186488881,0.1305422164,1.2867732761,,2.788008765,0.0186488881,0.004662222,0.004662222,0.013986666,0.0233111101,,0.5827777519,,1.3240710523,,0.0186488881,0.0885822183,,,,,0.009324444,,0.1771644366,0.0792577743,0.9091332929,0.4662222015,2.7040887687,0.009324444,0.0372977761,,,0.0466222202,0.0326355541,,,0.009324444,0.009324444,,0.0419599981,0.0326355541,0.3543288731,9.5016084666,1.7669821437,0.004662222,0.0652711082,,,0.004662222,,0.8951466269,0.009324444,0.1025688843,0.004662222,,,0.004662222,,0.5361555317,,2.2798265653,,4.1353909273,,,0.009324444,,0.004662222,0.2843955429,0.1911511026,,0.1445288825,0.0699333302,0.009324444,0.013986666,0.2051377687,0.1445288825,,,0.004662222,0.004662222,0.013986666,0.0279733321,0.004662222,0.004662222,0.4056133153,0.004662222,13.3759149611,0.004662222,0.0233111101,0.004662222,0.004662222,,,,,,,,,,,0.004662222,,0.004662222,,,,,,,,,,,0.004662222,,,,,0.004662222,0.004662222,0.004662222,,,0.013986666,,,,0.004662222,0.004662222,,,,,,,,,,,,0.004662222,,,,,,,,,,,,,0.004662222,,,,,,0.004662222,,,,,,,,,,,,,,,,,,,,,,,,,,0.004662222,,,,,0.004662222,,0.009324444,,,0.013986666,,,,,,,,,,,,,,,,,,,,,,,,,,,,,,,,,,,,,,,,,,,,,,,,,,,,,,,,,,,,,,,,,,,,,,,,,,,,,,,,,,,,,,,,,,,,,,,,,,,,,,,,,,,,,,,,,,,,,,,0.009324444,,,,,,,,,,,,,,,,0.004662222,,,,,,,,
35,,0.0215130871,1.4126927214,,,0.0143420581,0.6812477591,,0.0430261743,0.0286841162,0.0215130871,,,,0.0430261743,13.2233775547,0.0358551452,32.7214055217,0.0143420581,0.0143420581,,0.0717102904,0.172104697,3.9082108283,,5.2922194335,,,0.0215130871,0.0860523485,0.0215130871,,0.8892076013,0.007171029,0.3226963069,,0.0430261743,0.0143420581,,,0.007171029,,0.0286841162,0.007171029,0.1362495518,0.3155252779,2.0437432772,0.4302617426,3.9584080316,,0.0501972033,,,0.3011832198,0.0143420581,,,,0.0143420581,,0.0358551452,0.007171029,0.7816421657,4.3958408032,1.3266403729,0.007171029,0.6238795267,,,0.0573682323,,2.4740050197,,0.1864467551,0.0143420581,,0.007171029,0.0286841162,,0.4732879168,,2.4022947293,0.007171029,2.6030835425,,,0.0143420581,0.0286841162,,0.1577626389,0.4589458587,,0.7529580495,0.2151308713,0.0143420581,0.0501972033,1.678020796,0.1434205809,0.0215130871,,0.0143420581,,0.007171029,0.0215130871,,0.0143420581,0.2223019003,,13.954822517,0.007171029,,0.0143420581,,,0.007171029,,0.0286841162,,,,0.007171029,,,0.007171029,,,,,0.007171029,0.007171029,0.007171029,0.007171029,,,,0.007171029,0.0143420581,,,0.007171029,,,,0.007171029,,,,0.007171029,,,,,,,,,,,,0.007171029,0.007171029,,,,,,,,,,,,,,,,0.0215130871,,,,,,0.007171029,,,,,,,,,,,,,,,,,,,,,,,,,,,,,,,0.0143420581,,,,,0.1003944066,,0.007171029,,,0.007171029,,,,,,,,,,,,,,,,,,,,,,,,,,,,,,,,,,,,,,,,,,,,,,,,,,,,,,,,,,,,,,,,,,,,,,,,,,,,,,,,,,,,,,,,,,,,,,,,,,,,,,,,,,,,,,,,,,,,,,0.0215130871,,,,,,,,,,,,,0.007171029,0.007171029,0.007171029,0.007171029,,,,
36,,,1.5134172708,,0.0127177922,0.0127177922,0.5023527916,0.0254355844,0.0572300649,0.0317944805,0.0063588961,0.0127177922,,,0.0699478571,12.8258934249,0.0317944805,32.2904743736,,0.0063588961,,0.0890245453,0.1589724024,3.6372885667,,5.7484420705,0.0063588961,0.0063588961,0.0190766883,0.0953834414,0.0063588961,,0.9665522065,0.0063588961,0.2925092204,,0.0127177922,0.0190766883,0.0063588961,,,0.0063588961,0.0317944805,,0.2034846751,0.3815337657,2.0094111662,0.3497392853,3.4528805799,,0.063588961,,,0.4133282462,0.0317944805,,0.0063588961,,0.0127177922,,0.0381533766,0.0063588961,0.7757853237,4.3939972021,1.5897240239,0.0063588961,0.7058374666,0.0063588961,,0.0190766883,,2.4672516851,0.0063588961,0.2416380516,0.0063588961,,,0.0317944805,0.0063588961,0.4578405189,,2.3782271398,0.0254355844,2.5117639578,0.0063588961,,0.0190766883,,0.0063588961,0.0699478571,0.3751748696,0.0063588961,0.8711687651,0.3115859087,0.0127177922,0.0190766883,1.7359786341,0.1526135063,,,,0.0063588961,0.0063588961,0.0127177922,0.0063588961,,0.2543558438,,14.6508966043,0.0127177922,0.0063588961,0.0317944805,0.0063588961,,,,0.0127177922,,,,,,,0.0063588961,,,,,0.0127177922,0.0063588961,,,,,,0.0127177922,0.0190766883,,,,,,,0.0063588961,,,,0.0127177922,,,,0.0063588961,,0.0063588961,0.0127177922,,,,,,0.0063588961,,0.0063588961,,,,,,,,,,,,,,0.0190766883,,,,,,0.0063588961,,,,,,,,,,,,,,,,,,,,,,,0.0063588961,,0.0063588961,,,,,,0.0317944805,,0.0063588961,,,0.0699478571,0.0063588961,0.0063588961,,,,,,,,,,,,,,,,,,,,,,,,,,,,,,,,,,,,,,,,,,,,,,,,,,,,,,,,,,,,,,,,0.0063588961,,,,,,,,,,,,,,,,,,,,,,,,,,,,0.0063588961,,,,,0.0063588961,,,,,,,,,,,,,,,,,,,,,,,,,,,,,,,,,,,,,0.0063588961,,,,,,,
37,,,0.0296452452,,0.0131756645,0.0164695807,0.240455878,,0.0790539873,,0.2338680457,0.0065878323,,,,0.385388188,,60.4268915313,,,,1.1001679897,0.0164695807,15.7251556375,,0.9058269376,0.0065878323,0.0032939161,0.0032939161,,,,0.0329391614,,0.6093744853,,0.14493231,,,,,0.0032939161,,0.0032939161,,,0.2371619619,0.0032939161,0.4150334332,,0.023057413,,0.0296452452,0.0098817484,0.0197634968,,,,0.0032939161,,,0.0164695807,0.0065878323,1.0935801574,0.0691722389,,0.0823479034,,,0.0032939161,0.0494087421,0.2536315425,0.0065878323,0.0197634968,,,,,,0.0065878323,0.0098817484,6.7755854936,0.0065878323,9.1768503574,0.0065878323,0.0263513291,,,,1.1364010672,0.263513291,,,0.0131756645,0.0032939161,,0.0098817484,0.0329391614,,0.0032939161,0.0032939161,,,,,,0.1021114002,,0.0197634968,,0.0065878323,0.0065878323,,,0.0131756645,,,,,,,,,,,,,,,,,,,,,0.0032939161,,,0.0032939161,,,0.0164695807,,,,,0.0098817484,,,,,,,,,,,,,,,,,,,,,,,,,,,,,,,,,,,,,,,,,,,,,,,,,,,,,,,,,,,,,,,0.0065878323,,,,,,,,,,,,,,,,,,,,,,,,,,,,,,,,,,,,,,,,,0.0032939161,,,,,,,,,,,,,,,,,,,,,,,,,,,,,,,,,,,,,,,,,,,,,,,,,,,,,,,,,0.0032939161,,,,,,,,,,,,,,,,,,,,,,,,,,,,,,,,,,,,,,,,,,,,,,,,,,,0.0032939161,,,
38,,,0.0292461797,,0.0109673174,0.0073115449,0.3217079769,0.0073115449,0.0731154493,,0.2156905754,,,,,0.3509541566,0.0036557725,60.2836879433,,0.0073115449,,1.0528624698,0.0292461797,15.3542443518,,0.9505008408,0.0036557725,,0.0073115449,,,,0.0438692696,,0.5849235944,0.0036557725,0.0767712218,,,,,,,,,,0.2778387073,0.0109673174,0.4606273306,0.0073115449,0.0073115449,,0.0109673174,,0.0255904073,,,,0.0182788623,,,0.0036557725,,1.1588798713,0.0511808145,,0.0731154493,0.0036557725,,0.0109673174,0.0292461797,0.2961175696,0.0073115449,0.0365577246,,,,,,,,6.9642465453,0.0036557725,9.4282371865,,,,,,1.1552240989,0.2888060247,,0.0036557725,0.0146230899,,,,0.054836587,,,,,,,,,0.0767712218,,0.0292461797,0.0036557725,,,,,0.0073115449,,,,,,,,,,,,,,,0.0146230899,,,,,,,,,,,,0.0036557725,,,,,0.0109673174,0.0073115449,,,,,,,,,,,,,,,,0.0036557725,,,,,,,,,,,,,,,,,,,,,,,,,,,,,,,,,,,,,,,,,,,,,,0.0073115449,,0.0036557725,,,,,,,,,,,,,,,,,,,,,,,,,,,,,,,,,,,,,,,,,,,,,,0.0036557725,,,,,,,,,,0.0036557725,,,,,,,,,,,,,,,,,,,,,,,,,,,,,,,,,,,,,,,,,,,,,,,,,,,,,,,,,,,,,,,,,,,,,,,,,,,,,,,,,,,,,,,,,,,,0.0036557725,,
39,,,0.1770494503,,0.0370568617,0.0041174291,0.5105612056,0.0288220035,,,0.0164697163,,6.0320335982,,,1.5069790423,0.0041174291,15.7450487915,,0.0041174291,,0.0123522872,0.0823485815,48.7215382715,0.0041174291,3.2321818257,0.0041174291,,0.0082348582,,,,0.852307819,,0.3417466134,,0.0164697163,,0.0082348582,0.5146786347,0.0041174291,0.0082348582,,,0.1811668794,0.0164697163,0.7658418084,,1.6263844855,,0.0576440071,,0.0041174291,,0.0123522872,0.0411742908,,0.0082348582,0.107053156,,0.0041174291,0.0452917199,0.3458640425,5.2538395026,0.6052620744,,0.2346934574,,,0.0123522872,,0.9923004076,,0.6340840779,,,0.0082348582,,,,,2.1575328365,0.0082348582,0.8934821098,,0.0041174291,0.0205871454,,,0.160579734,0.2429283156,,0.0082348582,0.0082348582,0.0247045745,,1.0828838473,0.0329394326,0.0123522872,,0.0041174291,,0.0041174291,0.0329394326,0.0164697163,0.0041174291,0.0452917199,,5.1344340594,,0.0082348582,,,,0.0041174291,,,0.0041174291,,,,,0.0041174291,0.0329394326,0.0041174291,,,,1.0170049821,0.0041174291,,,,,0.0041174291,0.0288220035,,,0.0041174291,,,,,,,,,0.0041174291,,,,,,0.0041174291,0.0041174291,,,,,,,,,,,0.0123522872,,0.0041174291,,0.0082348582,,0.0247045745,,,0.0041174291,,0.0370568617,,,,0.0041174291,,,,,0.0041174291,,,,,,,,,,,,,,,,,0.0082348582,,0.0041174291,0.0041174291,,0.0041174291,,,,,,,,0.0041174291,,,,,,,,,,,,,,,0.0041174291,,,,,,,,,,,,,,,,,,,,,,,,,,,,,,,,,,,,,,,,0.0041174291,,,,,,,,,,,,,,,,,,,,,,,,,,,,,,,,,,,,,,,,,,,,,,,,,,,,,,,,,,,,,,,,,,,,,,,,,,,,,,,,,,,,,,,,,,0.0041174291,0.0041174291
